Country Name,1990,1991,1992,1993,1994,1995,1996,1997,1998,1999,2000,2001,2002,2003,2004,2005,2006,2007,2008,2009,2010,2011,2012,2013,2014,2015,2016,2017,2018
Aruba,23309.0205200435,25020.5071663511,25661.3190049092,26529.233954737,27714.716606423,27707.433893914,27562.4598279993,29222.8945990989,29509.8770233795,29718.1694063365,32031.5554262481,31062.3492101749,29847.9281238166,30355.7321560674,33053.2466590569,34050.4715291833,35167.1660064047,36621.034699298,37249.4501479283,33552.8898886094,32624.209094705,34326.1448226739,33577.9405335517,34860.6595573918,34918.457814183,33894.2149382263,33339.6279429783,33966.4830001855,
Afghanistan,,,,,,,,,,,,,877.014423471338,927.857547925085,925.44161616896,1023.05162962569,1077.7619066135,1228.70413479595,1272.57320418132,1519.6925481355,1710.57564540856,1699.48799733991,1914.77435127371,2015.51496204541,2069.42464180385,2087.30532306683,2128.98802616095,2202.5708512665,2225.76133638097
Angola,3267.06631711802,3299.50006211964,3075.12228655705,2316.54315578233,2321.58079991666,2639.50972020959,2955.35575991042,3122.89815255274,3201.14562804662,3212.12090220344,3275.12793983584,3374.481287491,3768.71565326279,3822.12682478305,4207.119641784,4816.70529136989,5338.73935107608,6024.33831823564,6578.6037974545,6442.57826367201,6587.98690099699,6710.75034592031,7425.03899797593,7692.93201071948,8179.09440368956,7338.8333802876,7105.3807999085,7310.9017380354,7092.99031877148
Albania,2548.87126636886,1908.66342773628,1822.87731489798,2056.96403406689,2289.33265354143,2665.13570212072,2979.36289952508,2716.72074193344,3021.0099360333,3471.66658744088,3862.27361971794,4301.39246128629,4661.38023002454,4994.6110843929,5422.78785165421,5865.32230948789,6558.67038552959,7275.79581473313,8228.35613801151,8821.5041714923,9635.19013018428,10207.7134227218,10526.2433048282,10571.0198438121,11259.2679756427,11662.0372957881,12077.6244794657,13093.6523134782,13835.5483063255
Andorra,,,,,,,,,,,,,,,,,,,,,,,,,,,,,
United Arab Emirates,87226.5392672559,85847.3220091261,85624.9058064175,83847.7035339144,86706.2982361366,89724.4893279323,91943.1373667292,96179.9722792889,92627.8659806465,91710.3909492477,98363.7313112019,96722.5963769373,95549.9701791924,99238.3363418873,101871.509403108,97669.9935931741,95678.2816458938,87101.6830511117,79730.9491128763,68166.4444090045,64881.8564605665,67686.3929453288,68615.0739399854,69787.2694412034,73525.7070692698,64326.4617306672,63303.0900301809,65806.4434402125,67549.6246752321
Argentina,7195.69144377811,8005.46555751669,8719.10168164017,9532.88869606659,10175.1251212887,9969.60059844666,10586.1105736036,11507.8983269261,11949.4160206482,11581.8905137394,11618.7960696298,11226.8773367333,10052.4866553529,11025.1855198907,12214.7400764606,13568.7667630743,14951.7281901133,16570.0111669312,17404.0687079209,16334.7400060071,18061.9343590895,19322.2271236942,19695.1376497745,20135.675982079,19633.0387284411,20019.8876204122,20153.0080050987,23562.9188342608,23299.9827657757
Armenia,2776.48581217634,2558.34377672868,1550.50796297386,1481.87516486349,1633.84235883276,1819.95723671334,1992.40645292344,2117.55505624184,2315.74607778822,2442.15249000232,2660.79149315333,2997.47363159699,3465.37475081896,4046.73445467007,4617.02326536458,5456.33388913099,6412.7650677477,7556.03306453616,8305.31661953619,7233.04493710906,7506.30886467068,8025.45290497468,9735.1473133671,10951.9505379689,10036.8889134532,11999.0454726015,12856.7021450586,12115.0570089389,13024.6882886997
American Samoa,,,,,,,,,,,,,,,,,,,,,,,,,,,,,
Antigua and Barbuda,11595.0901528692,12085.9845008837,12290.4700359681,12982.9880674801,13845.1389199659,13230.599462468,14055.0857424532,14757.7063795513,15305.4506111615,15789.4679370025,16918.5960898161,16178.6020450874,16373.1600025695,17463.3553911916,18717.7202413515,20253.7738654454,23170.3162739881,25586.8071717401,25657.998557736,22369.9935619789,20611.9140706989,20347.1845441703,19602.7928803456,18799.0598583805,19038.2743493632,18912.2511567078,19918.009165289,19840.0761229321,21630.168684888
Australia,17332.3338671753,17784.3566873561,18176.8910772513,19118.8704992054,20051.3802104269,20878.6635099155,21957.4016367586,22924.9150145466,24172.6781021459,25264.3643562136,26318.4162072948,27356.5320619959,28718.241079556,29732.129600229,31299.8495244667,32575.0692539649,34290.5244809896,36546.4731913052,37459.307649507,40301.9577592293,39301.602648302,41965.3584189919,42826.789579996,45902.047948361,46880.2206571585,46276.1506853863,47349.9279542726,48905.4171954152,51036.4058896921
Austria,19436.7643707181,20579.1380418142,21253.5649662165,21692.133988239,22600.3978997374,23653.6584154147,24516.6481229744,25418.1492199101,26674.5228277729,27606.4830303088,29387.0282969091,29715.5120369684,31178.6933297272,32109.1381163943,33743.1982822753,35013.7140443423,37616.7401636252,39389.6850087047,41316.225176699,40957.5007518995,42037.4904752225,44452.7327457999,46457.3457770311,47922.0491207455,48799.7154676985,49879.2664728545,52633.2542884635,54637.0012845153,56871.2113998202
Azerbaijan,5360.07052939977,5417.78632980743,4224.43878645183,3275.42318398118,2650.26117584616,2359.21640184384,2409.19330610035,2567.98740529228,2829.59509676456,3055.92530700285,3442.63193216129,3836.59959071447,4233.44006335755,4716.37761192451,5245.42525084493,6850.81301851246,9387.10934916943,11957.3911666382,13200.9407060721,14248.9482224139,14926.6376403713,14804.5744507911,15235.1965171806,16227.077473545,17443.8767910832,15613.3269142985,15965.9731801055,14121.4069355591,14543.1949302166
Burundi,615.072101204146,652.532846221576,659.83992573553,621.036730807811,599.569208401782,555.367529306696,514.020275616309,509.35739107171,534.024026166757,529.283702382433,527.080874651834,537.359543556885,554.945261559317,541.764468256049,565.042350494707,569.27458512413,598.507676218969,615.230498413276,636.33218070787,644.104637267508,663.054795248755,681.971621284674,692.065742422971,741.853105211968,777.163459373638,841.422090281111,797.096926672191,773.571858394255,780.074546597704
Belgium,18653.7962247677,19565.2848184626,20235.19856593,20435.4084386232,21479.006616364,22405.3677968845,22703.9964514072,23724.2659333337,24368.4448609663,25440.8411888638,27794.9778610734,28800.3879346151,30282.2886450283,30899.0654242476,32034.0150753085,33177.8909458158,35216.6497097041,36752.9828470329,37883.3319417819,37785.8681727099,39866.7272663767,40942.372710454,42290.7620520019,43671.11959259,44929.685593416,46213.2665340101,48624.8884362385,50771.628259068,52253.9816274533
Benin,1259.57244777853,1312.12579917928,1334.4776980483,1396.08360275561,1405.70910958707,1472.6337526246,1516.00395792339,1581.94309320914,1614.63005190374,1675.2458002696,1759.71907538205,1837.80403392215,1895.00043977646,1936.88122974907,2015.6375059704,2052.52833878222,2135.26273056068,2258.49187843137,2347.92270462443,2353.63420833719,2364.11835143685,2416.32710692028,2503.86957090552,2673.79160736428,2834.77756338247,2887.1780743667,3005.67839324884,3044.51388698516,3237.77206130646
Burkina Faso,524.692084413464,576.007228870548,574.814870112053,592.526920170133,596.641504411753,626.531097190851,688.962599347535,724.658502374098,764.631371026265,809.919480700079,819.474484602814,867.669387394477,893.685479578557,953.2720296172,993.269144007908,1080.47344962589,1147.94826421243,1208.49444234908,1282.48232878003,1290.87147214461,1335.15843980981,1410.29558020586,1442.83126428537,1498.47960086853,1505.14632771328,1510.08534597338,1606.71594858713,1791.33910642862,1904.94123388765
Bangladesh,850.504993700031,888.997352556574,937.573055565513,983.451105198873,1021.43091609939,1073.10420267795,1118.10087911249,1163.61713826106,1212.18803938039,1261.34443375973,1331.54827489787,1403.12604409839,1453.26189967675,1523.79715015918,1620.42472898758,1753.87429547609,1901.71618658119,2065.15447700244,2206.5099318953,2309.56319433464,2439.06956778992,2620.82248355375,2937.61106411572,3143.57503473469,3367.57136103935,3555.41677702092,3849.37395411381,4161.08971339052,4549.61392841255
Bulgaria,7491.0589259877,7160.92069127977,6864.79715864622,6978.86880355856,7282.16728535569,7681.65106260925,6775.8406345088,5695.42579605598,6141.20457729288,5767.19114134622,6379.39098699151,6909.02265116545,7726.41129289764,8343.29617887978,9122.86833284325,10211.3030087224,11311.638802398,12799.9281220341,14328.9350724869,14156.8410403373,14945.2604469134,15676.0813635351,16208.2291162516,16571.0498499014,17534.3420112548,18186.485798929,19807.0842461553,21181.7717825613,22304.9448471394
Bahrain,26875.6215378614,30066.2908715676,31972.9202785133,36038.6648496719,35822.7904994888,37059.5494743557,38272.8237380094,39039.6708579974,40104.8822018464,40910.6909206157,42181.8815596526,42094.9220591522,41932.2800667792,42860.5218355812,44185.4858666161,45400.5372365153,46200.9195903719,47533.1324923382,47846.4016186454,46497.7431960885,46873.1422008214,47377.6162309358,50318.1806591314,51065.057623591,51037.0252864684,45281.2542051841,44323.9329615243,47654.6099200139,47296.9869532702
"Bahamas, The",21497.1153025759,20904.3399445037,20174.6935822863,20331.0804148135,21048.1772050957,22083.2106212293,23124.2028226227,23725.6635138372,24844.2760780185,26685.3197654592,28033.5739668075,28956.9833688796,29715.464053878,29362.55929916,29869.3422086529,31260.7748089567,32401.5884907819,33117.4087399029,32373.2460757535,30728.4966943337,31090.2064810792,31522.5462184239,32224.8958038037,31859.7744951474,32561.1402457655,33542.2518103513,34181.7690444839,35308.4133992786,36365.3199194126
Bosnia and Herzegovina,,,,,953.136458874085,1208.52641683796,2365.33789577352,3258.12327288766,3810.5494260845,4226.4553447083,4549.08258193824,4751.16601293426,5136.53016704206,5373.24286205441,6200.63632841505,6479.67737891266,7405.08977128619,8188.02428134256,9028.83905834015,9037.31950379456,9354.55388598328,9976.4382653716,10304.0227584863,11016.580892108,11433.180349599,12013.9787050157,13070.8348288799,13842.7120125885,14962.0374031868
Belarus,5232.0782928057,5341.48526225171,4928.10880026567,4650.98823703594,4199.44034493475,3854.03197581428,4047.99073077844,4606.71959410067,5073.96193349542,5344.65821341109,5808.35742589084,6248.21138208667,6709.84550278391,7367.19377907156,8489.48408683134,9642.42979184261,10994.7667385964,12317.456496215,13885.7467208604,14050.8803091719,15349.2281346448,16543.0437300092,17753.7803217044,19112.4166400557,18955.9045068098,20146.388540526,20214.6158770121,18280.1989190642,19345.2705088125
Belize,3258.15269573611,3684.2363884294,4153.17196945277,4442.98305189226,4453.59311423148,4459.45555027905,4461.51233812417,4531.43491729171,4574.96423459756,4863.74182838721,5430.64541049625,5651.07606111525,5866.13187799462,6361.56317958826,6661.4553621878,6864.89686637794,7205.52575360839,7288.35404680661,7475.09390502545,7393.86882266165,7545.84039799863,7684.81873722086,7274.79380705556,7228.06329563449,7170.24109570736,7244.27583136424,7179.16464879742,7108.84141000296,7360.02650397217
Bermuda,29458.4494679157,29530.0944469579,30404.4682526996,31889.811017242,32539.6097666097,34436.0924629826,35749.356982467,37807.2562003424,39433.1514954124,41124.8478835567,45554.1677206526,49379.7911943721,49099.0917085812,51379.3424760394,53635.8413651987,55869.6325069127,60404.0004077814,63432.9958000767,65267.6395049066,61945.5620287266,61837.4257306114,61550.2247919138,58578.7401392841,59483.0234385154,,,,,
Bolivia,2374.67791497559,2530.23833921954,2575.60427640047,2692.07636829814,2818.55836040366,2950.81342677844,3072.63572696419,3215.09100877978,3347.60993684381,3344.22853338675,3437.61886678804,3504.74004434982,3580.81760004146,3677.63872541367,3863.45413855963,4086.37388148136,4335.38308808235,4575.66374196378,4868.44412766514,4986.46243815293,5167.11377349367,5460.25548989959,5923.11662771703,6625.62546996206,7056.64106611008,7133.76283474336,7499.43762024147,8423.69682656065,8866.37453732968
Brazil,6701.20904431983,6909.92174583214,6915.3127018945,7287.07540308775,7712.67167399525,8090.89000017257,8288.17894975527,8582.0677464321,8575.87351669118,8611.90022971288,9060.78639942992,9260.76595917983,9568.06384730739,9733.77081647566,10445.3445102854,10988.9586831226,11642.44394693,12549.9279757162,13312.7634157633,13269.1185715791,14299.5516973717,15040.0581828206,15050.0094697468,15590.6084836934,15718.049987827,14743.7417433484,14255.3458601059,14519.8491302518,14951.8035094155
Barbados,9591.81088192285,9494.2033729657,9123.61776944366,9378.60521341597,9733.8949722151,10097.6661934838,10647.6422910526,11296.5226931636,11799.0438655245,11959.9432088983,12721.0294211425,12646.6645665648,12904.0572214429,13385.381608554,13891.4201068764,14834.7242538602,16082.8223123418,16747.9625165079,17152.8092594876,16375.9811263583,16148.2409638444,16305.0806337476,15314.2998502195,15337.6171407555,15174.3251087076,15545.2319591293,15986.0795752861,15825.2952924241,16107.0332430775
Brunei Darussalam,55913.6509345373,57945.700008129,60345.087648023,60249.5903903654,61767.2340779139,64188.1187531171,65587.4117428691,64190.986221505,63097.4617842894,64533.3059366804,66439.336137831,68350.5334101238,70716.7593718754,72755.7329960629,73808.5267240512,75213.7551073169,79772.6751026909,81013.4221694966,80036.11316109,78297.7071841171,80277.5456893459,83935.012512764,88250.8680493117,83788.3089644454,81362.388822404,62539.7107417451,56299.4139769202,60995.6811141379,61859.9469391462
Bhutan,1507.33363833445,1540.83993585859,1648.81995829937,1727.61837560994,1854.31300082259,2016.79682289,2140.61105599394,2251.93569196824,2357.82198301244,2522.47415733389,2696.34646018652,2923.13099667947,3229.54552462121,3480.0897202402,3723.42675585778,4056.18380756623,4412.46979058017,5302.71029201135,5608.47775711341,5972.92340032233,6693.506146935,7295.84280419153,7912.14832427473,7989.76131141864,8665.30456236414,9500.54005485374,10457.9845933478,11142.3999508069,11621.8143494682
Botswana,5682.07443900768,6124.06328472255,6270.32137823888,6375.62490329308,6583.55651111372,7022.20989724329,7388.84535178845,7953.38427878478,7897.10892465993,8597.67838895065,8784.19231315532,8830.92475711261,9347.82791600263,9790.96732798423,10144.544994843,10733.2238915879,11742.5246196849,12780.6370735427,13552.6176740727,12366.5400720519,13352.3002160668,14252.7129299669,13619.4552204981,14728.9954638358,16299.1355602643,15545.7870674617,17260.2150229728,17253.2316097939,18059.3376640674
Central African Republic,635.43883090643,637.008166151196,593.038908737738,591.745474336254,616.02444645221,655.88976507517,624.596673202196,652.435072488283,674.280672129772,692.204671042619,674.439740067559,704.222164508544,725.615024667026,684.95662623964,730.748453939406,745.572863095432,789.210791951323,831.607791499467,849.941447965263,916.187283120823,958.920448355564,1012.65808884034,1104.22767428234,739.491182305727,720.63163600681,787.044510879092,851.313030109705,912.80205230035,955.839638441268
Canada,20150.787992707,20145.9254666282,20550.63353963,21363.6334802633,22555.342375438,23403.4815153098,23963.9676031324,25167.3101503635,26220.4431575046,27745.8065524148,29265.7281278482,30107.8788411777,30853.201316329,32219.4287486237,33795.6837049447,36211.0845984165,37995.0048039266,39451.3195275281,40275.9898957504,38794.9307164986,40019.2054024998,41569.449617197,42189.1961096712,44188.7317079989,45645.5642968788,44567.8663498079,46441.2484674409,48552.5351569185,49994.087933693
Switzerland,27586.7607330146,27907.5062451772,28218.1749206836,28588.8060200597,29335.2536359892,29893.9902785307,30526.4140824882,31805.11620048,32918.4665131751,33814.1145410683,35762.9853009079,36778.3642012,37718.2848266456,37713.9304998355,39170.217303655,40572.2644828349,45098.8086744459,49742.7566717908,52584.7268100102,51808.2276752053,53107.4235657022,56183.8216241817,57849.572038326,60108.520020158,61902.1295360364,63938.9893868853,65720.1147471998,67139.0926995233,69366.437923048
Chile,4511.16997825586,4952.53848210155,5622.77735855376,6119.38019460833,6568.78082455401,7351.82886112748,8011.57109591562,8637.33061678494,8995.76512018912,8977.11749765428,9553.56652260893,9972.65109521817,10333.0636606751,10841.3238171049,11812.6349740889,12746.5833879323,15753.962990375,16941.8359830089,16501.8069214628,16159.6052340491,18161.8039224929,20342.5709204911,21507.7074027908,22439.2783559667,22786.6556024043,22688.0100281228,22700.9242464201,23723.8050688266,24763.0021879198
China,982.336058221609,1094.90124581231,1263.47358407328,1455.9389281999,1662.22405087924,1862.5479326307,2063.2192239744,2269.1890519009,2450.94996042806,2653.89781451508,2920.51545752106,3210.08333508722,3534.8338698959,3937.20902072252,4425.66107084109,5053.75615511682,5836.27797088826,6810.29054769901,7574.12535615077,8307.8234091609,9253.75863810883,10299.871105089,11197.6848715341,11923.9623137765,12503.6718133572,12924.4284335115,13458.3027154009,14149.923971025,15376.2062117137
Cote d'Ivoire,2053.96694687022,2049.11307195244,2017.2532822921,1989.7560444125,1979.55323558557,2094.27926315545,2224.55894627498,2275.40131628433,2343.41620275203,2348.93035410168,2291.44115259837,2289.12595626966,2236.32908593038,2199.90095821538,2239.75497025907,2300.12223193627,2354.29134382642,2406.77894325581,2460.24709306482,2501.72852201444,2522.36492982474,2404.04227964872,2629.03614042461,2830.60195833422,3128.09933217752,3366.11323137193,3481.37326164882,3572.19076055364,3832.13044575611
Cameroon,1855.40906901471,1790.70636379663,1723.39806986668,1578.25503476058,1600.54487505069,1644.92959434477,1701.69958077062,1774.15198143617,1826.59518249322,1882.7770949707,1941.69712856431,2017.01136486753,2079.76020924045,2156.69139629162,2302.1161434903,2357.04811683607,2444.75394280463,2562.26353871296,2629.88696476193,2634.67741734461,2681.88681703305,2773.89666656205,2861.8704075646,3007.40199341392,3186.94425593884,3260.81559918164,3405.97599853398,3554.52515589469,3691.32955271229
"Congo, Dem. Rep.",882.773089055432,805.603709715923,709.285661037286,604.305991294026,571.96235303363,569.327298796184,557.970362602267,522.631954634548,508.07357647215,481.907251479236,447.08219838536,435.076334088261,441.820308540367,460.770152574972,489.419993621292,518.840239245301,545.151474173229,575.749115571405,603.287907487453,604.844154087574,633.913123659282,668.9408609868,670.798142116362,754.432509984498,849.817947135048,905.444208902724,963.940603435783,1059.8107753086,1111.6813262852
"Congo, Rep.",3231.38503748229,3328.09118113106,3397.95077945951,3350.29925202639,3144.8435491099,3246.02430237946,3350.4218106988,3290.66700190003,3353.40797381443,3219.32624301124,3439.90638783673,3546.38418595186,3662.31892033571,3654.11070609586,3768.4144916158,4057.36814467037,4295.73026501733,4194.63371614862,4362.1647532162,4571.1251098185,4878.07471072942,5008.38880253453,4906.54733996449,4767.04175135539,4700.44109408206,3338.9244869803,3399.50423359085,3329.33898418887,3357.60399876913
Colombia,4988.35673292039,5158.09287160669,5383.11833291834,5696.76358799688,6041.77137327479,6371.33403305625,6504.41318041068,6726.09428308626,6726.34736487587,6430.14528591125,6658.51968511298,6811.15342578661,6984.66871637341,7284.69463639031,7768.88472571733,8275.46276674436,8987.32760086178,9739.81477044228,10132.7869321403,10218.7909507337,10674.5658821352,11587.0427445897,14359.724742381,14999.4588752292,14100.7185062133,13896.220383719,13952.1361506747,14312.1775058823,14834.4492878281
Comoros,1587.42792213106,1507.59049157931,1625.26965522337,1664.86521511521,1565.38339382032,1610.21591463614,1574.68688735286,1622.15726799115,1618.15264150597,1630.51244978322,1801.76745629252,1838.3786057199,1865.2704399001,1894.20645271695,1936.01328139953,2004.63431304993,2069.88635221513,2091.7550230043,2165.06883681323,2197.80539910516,2252.89077246055,2337.0573875903,2515.32497201911,2639.53758647088,2717.52283599607,2708.8581270021,2863.75436817458,3032.25468181699,3141.54450193196
Cabo Verde,1063.56330715761,1088.30523850185,1201.78560167991,1299.77709603996,1538.66604669254,1748.30805581176,1935.97061992935,2141.08036147853,2387.44837609498,2642.8652201205,3032.12636808529,3113.1038166295,3273.97965456941,3420.16262500717,3813.70590130638,4146.08486082688,4552.23912337861,5316.93332428071,5711.323427621,5613.70041827373,5692.43355683959,5966.87192203053,5832.55175530838,5802.00464282269,5748.78177117565,5994.37464537852,6325.90882379475,6643.204610776,7068.10788005251
Costa Rica,5057.5378658823,5209.01558197032,5668.22757303287,6055.72455016701,6300.89020147949,6534.35373271732,6575.33798152519,6896.54872440706,7293.12222493919,7528.77396065477,7836.9272845232,8141.0517634039,8402.79841092528,8787.7903705847,9279.5598258155,9799.04395977362,10677.0130477256,11699.9039538978,12318.463420711,12135.2497943153,12725.1523269105,13387.5721512729,15341.6586911079,16014.8759842668,16149.6048825202,17065.7798247942,18008.5999135742,19011.9775375733,19762.4501323772
Caribbean small states,6019.28259070878,6302.76806875122,6586.14945718076,6894.5865512508,7170.41014536795,7464.90866355295,7798.74660093193,8125.85093502984,8394.77244091642,8805.45572109292,9279.26502708158,9626.92603048977,10093.3321405014,10880.2652446055,11577.9651851719,12300.5223725991,13510.1386602423,14258.7539006935,14667.276175859,14164.1869746396,14439.2150540292,14796.3084952856,14750.9089910258,14986.1739787731,15095.1897766555,14804.3873470988,14758.2328391619,15150.4467180866,15635.7154433337
Cuba,,,,,,,,,,,,,,,,,,,,,,,,,,,,,
Curacao,,,,,,,,,,,22701.9604439561,23897.7519755045,24342.3445430514,24358.3499396872,24637.5808581046,24932.8903392554,25445.7018021027,26251.0517718724,27005.2925161018,26890.9197525995,26884.27091715,27224.4009690808,26182.5150795131,25924.977069883,25378.550250796,25090.4119553044,24807.8691996253,25475.4896636129,25590.697557867
Cayman Islands,,,,,,,,,64486.6916867985,64142.7136286743,63284.2230707753,62643.6316494953,62695.6481643517,63347.8206110709,63898.5140673953,68235.8150121538,71391.1749872154,73399.6882444168,72404.9982142751,65885.138814191,63298.1776470371,64013.6359395411,62817.7287199517,62449.775293798,63065.0260780563,64230.4506932562,66488.6794147087,69420.5114565353,
Cyprus,13327.6909555177,13525.6026548161,14736.8889269271,14829.1879288985,15711.1207201784,17069.6445702125,17297.5102688107,17778.8211148195,18758.5010424557,19662.68241964,21291.4321072235,22871.5260311154,23556.2614106595,24252.823560615,25921.2078130247,27763.2100933612,29984.3650676861,32849.7769235572,34830.3698994386,33891.6745300468,33421.0426186656,33313.5372341647,31834.4995572679,30375.2171825294,30042.8128905172,31722.3665130378,34379.4643669454,36875.1273894248,38513.2845672751
Czech Republic,12656.2410831208,11592.311270367,11784.3770453368,12058.5091137751,12669.7373582508,13748.591337746,14575.9700338471,14727.1912838595,14906.3587861548,15324.1064301742,16194.6281093041,17554.6593446962,18189.2343541554,19426.3862739107,20799.2512690536,21956.3838583853,23772.4721260917,26122.9882830928,27844.7953264656,27620.1988622677,27688.1426609856,28797.4179611691,29047.2464395949,30485.7141541113,32263.3157548997,33691.4242392608,35876.7274376121,38489.4963100125,40428.6729915945
Germany,19427.5093835616,20957.2011074689,21682.5884088905,21834.9222452037,22756.9083457755,23521.4447349485,24035.4403666482,24564.4067135348,25344.59352436,26291.2110793898,27209.2272386931,28380.6588970178,29178.6374658122,29875.4942551057,31305.4309058718,31794.0960095207,34119.1237727327,36249.7736073778,37802.3874303197,36851.2820856299,38978.7436979335,42541.5310884096,43359.6148271723,44993.8927459315,47011.5510935131,47683.7885959958,50564.251307837,53011.7681603117,54456.9292560641
Djibouti,,,,,,,,,,,,,,,,,,,,,,,,4109.38113711543,4295.35741378309,4605.98387079121,4722.73588860872,4912.57572877859,5224.97785008253
Dominica,4299.06234787863,4507.16958325638,4692.12922503869,4887.26935131994,4978.42763447874,5232.78369669813,5506.59350269497,5751.28230385185,6071.10324265652,6211.58415384564,6516.27387191295,6653.97046579124,6551.45797323066,7070.46777431255,7452.34572911898,7712.22773877694,8300.6134437348,9055.29984113807,9884.31637777331,9839.83125185815,10017.6206112732,10198.5361398223,9947.97224646954,10147.8212704523,10909.9477125778,11140.027596917,11949.2883134506,11304.3597107511,11814.3488387134
Denmark,18210.3066992489,19039.0291779534,19788.4543377832,20192.0772412226,21649.7463740186,22654.5839761211,23698.8800971609,24920.0041290648,25813.5703699116,26653.8239044055,28668.8634233263,29449.9074364984,30640.3456230968,30786.7254719662,32908.8323640894,34150.1594558945,37289.361835061,38965.672977211,41278.3268270571,40370.2255403572,43031.8073273889,44403.3848413929,44803.9682421214,46726.8541437832,47901.4473627066,49058.5010658416,51970.749800205,55064.9088637057,57218.406447274
Dominican Republic,3668.37974300255,3756.14850812158,4193.27352224868,4524.40190268036,4656.49232793964,4937.32982863808,5238.82842348031,5708.18806775742,6062.52209026215,6414.74319356712,6760.12568672298,6973.5411829526,7295.05653158778,7226.7212814221,7506.73376076989,8356.01299417192,9274.89251960691,10098.6935538643,10491.6195827508,10539.3978169611,11410.3487519888,11869.1339800985,11903.4182243493,12483.6294396721,13474.4966583285,14740.342498503,16108.787425993,16735.3325859465,18143.2153942591
Algeria,6916.57663345076,6892.98006160746,7010.25074715824,6871.27732360258,6812.29943755231,7082.86680767989,7377.78495846489,7465.98581604253,7816.86113863423,8068.38960187095,8446.68582738257,8775.21868156258,9293.94446201211,10019.4738948969,10591.1569151947,11405.7724915118,11776.1777644946,12311.1816367158,12643.2956190467,12722.5255641843,13095.5985286254,13500.1980459452,13312.3999193705,13059.6037348633,13001.7449086608,12017.7036850598,11630.5589799622,11550.6176378141,11759.1965868806
Ecuador,4829.93312341393,5087.43916492243,5192.58150894884,5299.17655402194,5518.68373111522,5636.98974392197,5715.87937718795,5940.06864019456,6077.54063656085,5758.07312883621,5838.90252490818,6094.34852638384,6332.18587417878,6513.29940402779,7117.17171489572,7598.94624430365,8037.8832787714,8294.64140531826,8845.55449952561,8818.67235989834,9090.30823360249,9857.52181613622,10313.9506855529,11155.0057369445,11712.7316730583,11059.9352452555,11033.5370058146,11617.9087583298,11853.6579443732
"Egypt, Arab Rep.",3713.4890443077,3795.05779945092,3969.29199801668,4096.44709789542,4263.63509506357,4464.6393030017,4678.06441236589,4920.25436512954,5149.258253543,5431.8858304282,5794.12525656858,6015.09582142304,6139.67907496701,6334.57171370851,6648.42901843682,7033.91957317359,7606.75642685334,8219.48253562349,8820.71672721896,9131.49808521223,9522.51019869142,9686.0463784655,10914.5893967907,10987.7032297559,10949.2304819709,11354.0766753468,11000.1385748545,11014.4861365513,11643.2146678871
Euro area,16988.2263978345,17946.8524452947,18523.4504775713,18757.6369211386,19571.8996795626,20413.3696166126,21041.1210051352,21908.8170452119,22960.5002353248,23840.950391468,25325.0979977769,26506.2197957617,27535.0325456901,27953.4040137628,29051.5411106983,30076.7088432251,32494.8478226373,34382.7072654518,35709.6300296953,34821.29052039,35795.6163296499,37435.6701859097,37801.9228473925,38981.9554561176,39949.9291147625,41058.7863952604,43533.1871289342,45742.2569027392,47251.7685888978
Eritrea,,,1027.89517530474,1203.9429059822,1504.17111915057,1589.78934469496,1775.03754698897,1949.58957009739,1996.24642148717,1997.30393484931,1930.3342144722,2071.03334087858,2074.14355499731,1961.7448406595,1954.51003552998,1989.12800465697,1965.79519258958,1993.88359757552,1794.14842361948,1843.51286498715,1875.54870499252,2052.73308492867,,,,,,,
Spain,13660.5336204353,14445.254720673,14838.8856832283,14956.0145561586,15565.1355737942,16257.7997604681,16949.408135099,17906.7160560778,19096.2455390163,19954.2902150512,21592.3351499393,22959.0073150259,24371.5988492666,25018.7610937095,26119.9300333344,27606.9340516269,30683.1604652385,32435.7842319804,33263.2723985249,32123.2507999007,31703.8657582328,31867.9732396862,31720.1199986535,32434.0032017704,33525.7406299089,34912.4761266679,37282.4425131921,39575.5351485129,40483.6392132445
Estonia,,,,5794.27823962398,5946.61846659303,6460.46013576893,6870.95527733516,7966.30645486429,8438.26469925153,8419.57135494532,9437.24278918913,10326.2852655066,11670.3652656957,13123.0280540251,14521.3565698867,16624.9120413037,19310.004739652,22168.6450044105,22830.0903163589,20613.562675507,21812.9227917122,24780.9787761938,26190.5529510261,27642.5853670431,29135.7043979166,29397.1298449963,31231.4711464203,33820.9187318032,36358.0277629012
Ethiopia,415.023581702381,384.603881737648,346.583606479656,387.325411197723,394.267687537469,413.219927611792,458.326230905436,466.471079820911,442.219479478832,458.305558068366,482.884422160208,519.271662277728,520.339279414323,503.972448875483,571.403684639205,640.658135158775,711.587030584027,792.353563264622,870.715277420257,928.625672343523,1028.32373571093,1134.78452182361,1216.36473369802,1285.50921310374,1514.00645948757,1657.64393170033,1880.1474078678,2021.30515023669,2154.36018616765
Finland,18132.652395602,17541.4583329303,17248.1599567434,17450.5279099441,18444.744138837,19550.9580012421,20051.9146144507,21787.1521018138,23576.4942517629,24767.280673451,26794.7532482595,27807.5694196212,28605.1223159604,29019.7732712782,31173.4510899802,32051.7940038456,34413.5720105312,37799.0376291697,40083.6972699668,38008.8160885583,38982.5334165233,40916.8385790274,40873.0953326066,41493.1416470359,41757.4021894413,42535.475165346,44922.8858322334,47470.515883173,49549.3935925112
Fiji,4200.87508249906,4186.44462543615,4487.70628194928,4626.66968770172,4897.40534407324,5060.22006836365,5338.51902046513,5255.16072879583,5333.46675634521,5841.72272813294,5836.73921676406,6062.23960120146,6344.80659823369,6520.71136261823,7035.78392766269,7272.43741298056,7573.5538569818,7634.12316664465,7777.69269163106,7653.43597473567,7914.08251690521,8263.0646015687,8839.54129217602,9536.44998103895,11345.4884861985,12412.1996163229,12633.0090729648,13429.3159184274,14144.423161592
France,17619.2087524904,18304.2587123276,18926.4628981137,19169.8529751694,19966.4846863551,20739.5493291191,21320.5347615066,22236.2513563948,23359.0099093703,24307.4987876484,26100.3972002969,27501.8139390059,28523.8857271382,28141.914848273,29034.1247889392,30498.5792943609,32429.3927056701,34085.869633528,35095.2629574491,34711.4450795227,35926.9056275762,37440.6386298685,37679.1217798605,39523.8539542181,40144.0268283679,40860.9112179241,42922.0988722003,44783.4758735613,46447.4399160547
Faroe Islands,,,,,,,,,,,,,,,,,,,,,,,,,,,,,
"Micronesia, Fed. Sts.",1770.81398718647,1917.50902814255,1987.12198329342,2146.32642086994,2136.94740649575,2302.2460567528,2253.1976622996,2149.976172889,2241.77018809317,2314.52735003113,2489.40414801731,2604.70544613613,2663.93361369605,2759.38848253502,2753.50496255775,2910.78901436922,3018.00078806756,3069.16928083663,3080.07977967808,3154.79279316807,3265.69282482482,3422.2892095702,3388.22489894387,3276.300421395,3215.17441769739,3354.50839527418,3380.73734639043,3497.91754135142,3553.06145460343
Gabon,12395.6195710376,13231.6783748163,12764.4940378962,13223.8632509765,13643.6504777322,14249.3675708143,14657.8744266797,15374.1822165607,15692.9971059653,14147.0123698988,13852.3390097383,14117.7550518427,13968.7683595668,14199.2358955905,14315.0350310399,14755.3810176257,14366.107125182,15187.8176745861,14517.8285231739,14177.1464228711,14837.0718261299,15638.6914694995,15377.6268642581,15131.9441822602,15369.8957553035,14699.552643269,14286.4207789581,15006.7640910411,15102.5311864263
United Kingdom,16818.964068888,17145.4758900215,17553.7426144432,18379.482523489,19453.5198824631,20516.4807265754,21840.6796282576,23034.5852202546,23636.9372259866,24414.6853180808,26413.4335443993,27757.0924447363,29068.5938574601,30262.0555232904,31964.7816817557,32668.2263161355,34761.1678127332,35597.4003804668,36660.1925635403,35029.994622498,36367.9205261167,37161.554131385,38311.8971996093,39970.9960678458,41265.9380854536,42518.1412562852,44162.5511728591,45974.8643523571,46867.9162109276
Georgia,5730.90993155475,4641.83105791538,2595.75294722021,1864.29486666418,1732.54493574224,1884.35909288553,2212.64389429036,2568.64332587568,2745.296814538,2924.39145300077,3104.51568773362,3377.05110667262,3650.85722883895,4157.8794054096,4545.29312824043,5169.0624236239,5860.35840825662,6810.19082216746,7132.20528941183,6986.00454055501,7564.06306089753,8360.29720703068,9333.61015900306,10135.1511063589,10987.7662085542,11716.049877079,12336.0436860256,13589.7407310006,14594.6736925004
Ghana,1237.36248910473,1308.32931862141,1350.45398118518,1408.69334138504,1445.43004153624,1495.57509779578,1552.14336244922,1604.14940573084,1656.9883745854,1712.40943340225,1771.53600411443,1837.24943040212,1903.14626956368,1989.76707835191,2104.81101894802,2241.28722981991,2394.93006123791,2500.80421736435,2711.87615815123,2792.96818094652,2973.83282053656,3379.48499790009,3789.16930612983,5264.36443751189,5456.50955070305,5116.91400252922,4889.05315422129,4996.63870607304,5320.97296936302
Gibraltar,,,,,,,,,,,,,,,,,,,,,,,,,,,,,
Guinea,882.887988282654,910.420413051475,935.695681257029,979.757484064639,1013.37974842661,1054.23571933761,1092.26369651513,1138.42633255863,1163.03042949494,1195.30348428049,1224.34169006005,1269.79627719258,1329.79987626986,1345.23974934151,1386.43743416747,1442.75829461121,1471.99188410646,1578.98224246481,1638.24993436328,1595.24073493726,1653.71815370635,1743.94710091874,1799.24484171481,1814.36071492423,1805.89972725876,1820.21490508137,2079.29533478117,2417.79918672692,2555.90759007084
"Gambia, The",1557.05784403692,1597.73120119805,1632.13382932035,1666.96327532376,1653.21545346834,1650.91911946618,1666.09734258056,1723.91685717849,1749.54254018087,1830.71197287244,1913.78299331123,2004.73195049032,1908.26082304947,2011.81075652116,2142.75386879939,2091.55151374782,2078.64098546422,2134.516360405,2244.50059503985,2341.67675790344,2434.89124880179,2215.7511092395,2202.43266048339,2123.39370071674,2027.4967336524,2066.7491183272,2068.96982928924,2072.6524500401,2196.45731680112
Guinea-Bissau,1012.66747112958,1075.75123652928,1087.48282683691,1111.49256686698,1146.36977009373,1196.6467908242,1333.00320338843,1416.48711130745,1010.41328398211,1015.49163724776,1072.5133898637,1096.47615426051,1078.80471412875,1080.24097545247,1113.75747336745,1169.45391015502,1203.45181948587,1245.39955542448,1278.24675130448,1298.20039255608,1338.98456584651,1439.28988064393,1357.66906767342,1365.97182800783,1379.24816385225,1597.43093631483,1746.9292890166,1925.23773659951,1996.65857298329
Equatorial Guinea,653.931746992101,648.010974359812,864.284414782782,949.740069821735,1092.82804969324,1264.21789960626,2065.15464068842,5049.62736333714,6071.15900968668,7429.7414108579,8617.72085017468,13807.9357460809,16076.2795626551,17891.4757867127,24283.6950088168,27963.0651566541,29646.2108125063,33506.4068642852,38407.8796836376,37447.5078699774,32965.8995911163,34280.254893443,37636.442097536,34801.266781391,33703.2672233527,24040.5060399031,20456.3449136235,22551.083245578,20855.8009156221
Greece,13287.2558025827,13993.4394709174,14302.8640662678,14322.9560783876,14846.8483724742,15404.3011616687,16121.0073637945,17150.1379972673,18033.4620150648,18464.7321030753,19523.5137601682,20963.7485563359,22615.9356489706,23870.5081470032,25437.3782051198,25577.5240795599,28514.7259773514,29289.8054072303,30856.0118268477,30388.3544960412,28169.4900245403,26141.3195918975,25284.4640766238,26097.8719008736,26838.4552283268,26902.525319841,27823.3618443287,29089.0140066987,30357.6187138529
Grenada,4729.10471572166,4950.14235577872,4983.43573412198,4947.35155549395,5080.5407594989,5248.08604475216,5541.96662860386,5887.29009602024,6623.69612059742,7154.03234944628,7641.5466550922,7620.281676743,7977.14779443625,8862.53934742587,9012.57627579045,10495.2380073884,10354.2138389238,11255.8564163871,11554.3082085448,10838.2242815245,10862.8674378396,11115.7069552334,11167.4008885619,11889.2815486633,13041.3540496501,14152.4311760862,15025.3609644471,16234.746367358,17234.7389770464
Greenland,,,,,,,,,,,,,,,,,,,,,,,,,,,,,
Guatemala,3300.50293355741,3455.09153794369,3618.84336005536,3760.91266879269,3904.39610297835,4088.59327926983,4190.70365824865,4350.54418123254,4517.19295566895,4652.67878457056,4816.87148460451,4921.51846300777,5071.92266707753,5173.28359598776,5353.06834685814,5569.58727353164,5910.97804269295,6309.55736341523,6498.14943595918,6439.68011603078,6557.75514573039,6824.8567076923,7096.68278907957,7282.56843675503,7535.9272487547,8004.53665145583,8085.24214887771,8353.16197544375,8655.41991843503
Guam,,,,,,,,,,,,,,,,,,,,,,,,,,,,,
Guyana,2129.45739746015,2331.1788835094,2555.10821681405,2808.68463720632,3093.93153022014,3307.30217662687,3638.16093686389,3944.28312638618,3943.51262741337,4141.41681659478,4192.802909992,4391.31534251819,4513.82532275642,4566.41340919987,4758.86842063669,4808.62199145054,5207.01269026495,5721.21565386701,5945.05707636492,6195.69215402289,6512.32495439475,6969.70850179995,7398.18809820751,7893.217340393,8124.66950584345,8313.46000879636,8732.92728694559,8989.03827392901,9538.98594243395
High income,18314.4445358897,19113.0747193323,19883.559456816,20485.639402203,21466.2897265596,22384.2783066879,23360.625484999,24424.4496338903,25249.7294112452,26271.00500225,27931.0369895658,28835.5032072772,29767.0408293633,30767.5428971999,32480.0380784699,34068.923369235,36266.5615686927,38037.265875579,38992.3669506467,37990.8126324188,39404.8961602228,41034.3616788413,42138.3039094991,43497.3721845742,44662.6974502137,45395.1728222848,46646.9895650184,48587.2416045994,50410.6943484402
"Hong Kong SAR, China",18270.2589423449,19800.2338726328,21334.2352927146,22798.9770446196,24141.5311094691,24738.0943526176,25123.5720847448,26637.427731561,25141.8231214432,25895.6101523721,28253.2036970751,28821.6350648067,29631.0383811205,31165.2178838239,34518.398964933,38056.7480700641,41697.1107203594,45195.0412816688,46773.9018563635,45872.6141210152,49185.2214877596,52277.4664432843,52234.9896169176,53692.7189644078,54774.593970692,56407.3218162824,57229.2020122204,59926.9351913365,62726.622105883
Honduras,2052.13245558529,1993.46713849922,2102.49116146669,2228.49001378593,2217.3728523023,2336.58859276284,2355.47969315071,2435.42869805431,2479.60662686732,2427.91646360194,2591.33221421943,2648.81186170331,2720.27446234556,2824.60820301285,3006.69595508338,3210.34729495144,3443.76950617591,3671.33288297839,3816.83524759543,3674.23320933547,3778.46056107421,3928.26807500573,4033.59360383157,4142.76261707625,4452.46581998845,4823.31131412265,5147.00511354509,5561.9963118339,5810.4265985708
Croatia,,,,,,7958.94791814552,8680.66503454285,9461.56354715068,9785.09521238303,9843.84912428145,10604.2054061123,11613.6037447447,12647.6644986728,13550.4200790754,14534.4846394002,15303.9218631794,17428.3690102308,19353.6140610011,20776.4162731957,20013.8623313978,19776.2031422416,20743.4124776371,21136.4182488782,21769.2601666604,22062.0673940023,23013.6011900918,24871.8953300202,26700.3720990885,28115.4632859272
Haiti,1382.34784614857,1427.4354051857,1355.83284732388,1287.79953158117,1136.53682902723,1251.80592710031,1303.47562498704,1337.4949838307,1357.72151253427,1390.10198032718,1409.02582904184,1400.89157136144,1395.90669413511,1403.60102405016,1368.01945598896,1412.94736661677,1464.636043924,1529.62055936969,1547.87765105036,1582.91249418614,1527.76885466224,1621.23033424916,1590.41200063526,1681.16878027484,1718.87835274346,1704.88789060285,1757.2831096442,1763.66326068306,1810.22365742019
Hungary,,8310.04581605057,8242.21136412755,8398.45538468297,8842.69084094294,9175.34821123271,9335.54523013098,9821.53104306728,10397.905633794,10873.2478627727,11857.6196880759,13213.5738346249,14526.3882629125,15464.4113398097,16228.9939290968,17073.5514251442,18339.6180652971,19044.4187870779,20696.7285678852,20693.725076738,21586.0361423547,22894.3476393949,23148.1278813822,24498.1791614004,25604.9882089604,26668.0408752434,27699.6309373747,29529.3092284512,31578.7598003737
Indonesia,3082.08233929689,3347.89049967578,3585.52782588368,3845.20225051607,4156.64779060459,4522.29295002484,4891.43932595429,5134.50794220607,4447.17441464182,4484.06923192199,4743.94469415312,4956.36115129303,5190.36499016359,5465.26420242497,5816.18149251643,6254.61432630332,6708.57559413028,7229.5380919644,7710.66607495119,8021.74776250678,8505.74853499029,9095.73363343822,9713.92962559189,10067.5710635733,10276.8010148171,10246.8983599054,10495.2228637996,10933.7389717604,11646.4702926616
Isle of Man,,,,,,,,,,,,,,,,,,,,,,,,,,,,,
India,1201.66846245056,1230.08694826947,1300.77502839488,1367.6366595886,1461.18340214614,1574.31793825064,1691.80474528418,1757.51467663289,1852.81039529161,2009.21564691633,2095.64696095006,2206.44813772483,2287.62997291551,2472.1036898581,2695.89364172517,2953.10919005134,3237.29473264229,3525.31437635645,3650.94285878276,3912.41813709179,4236.74423653331,4493.66780352489,4861.18079461392,5057.30490644402,5233.20243894862,5464.71119822992,5829.16744051683,6184.80035428111,6697.15779767093
Ireland,13734.3469540048,14389.8320092344,15106.3987455873,15801.5227974316,17000.7302501258,18932.1746224757,20468.6846151113,22620.3183091368,25059.4014037042,26995.2612894747,30184.9598109279,32546.3936956907,35212.0947152903,36238.3481785662,38669.3990361849,40437.7745791191,44197.5497653526,46756.3009725199,44283.7301119233,41653.2437279843,43327.4024159173,44855.3247012361,46256.5688825764,47897.2916625856,51067.9767132391,69056.0460368695,71921.7170489379,78128.181584186,84459.7731039696
"Iran, Islamic Rep.",7217.41471598074,8194.61533839976,8457.46329720302,8609.7044791637,8536.72717364777,8791.05505481,9286.32711253723,9365.50009270479,9550.7787096244,9646.54126675961,10309.0665602808,10485.2880768167,11283.1048259452,12342.7285774391,13070.5591094917,13745.9200202036,14702.9584639243,16150.3347238819,16326.3236405383,16433.2592536887,17388.8956146287,18008.8025229276,15730.269770748,15098.0965098149,15078.1791063857,13265.7610825242,13604.983649398,14535.8630641234,
Iraq,7400.46114711773,2678.33787538998,3530.89097389279,4572.15656210488,4704.77212521071,4756.75586861079,5213.7034476408,6233.09243076672,8241.01338574221,9533.39259909985,9591.04019744876,9733.02773124094,8937.56014654601,5920.96418521386,9134.93364583577,9611.747707374,10699.5651047649,10953.5261893538,11883.3653199286,12127.6243683981,12717.0175642756,13515.5481266513,15056.3963522142,15405.7811645152,14248.93586582,10299.6489545476,9793.998554798,10971.9700125932,10919.8626897784
Iceland,21978.115735747,22409.3056220584,21870.1354885181,22452.8912375759,23554.8710626624,23946.5589158473,24771.6946921902,26904.1824217959,28688.1532553941,29523.1915414877,29717.5682845526,31775.467248812,32524.0232505223,32619.8643363399,35608.2303896789,37233.1962853091,39087.3507203371,41157.2331525606,43318.3527469996,41937.0952740762,39606.5961170263,40767.2364144887,41926.3419355085,44157.5524601264,45714.8938116702,48728.0993642438,53276.6012574111,55565.4146445379,58058.2169981847
Israel,15150.578185919,15887.7519979858,16915.9472516706,17556.69237349,18771.1405938234,19892.2472429655,20722.8767893983,21394.6116194396,22039.4188532504,22584.9385429207,24928.9454829974,24921.5962560535,25224.8787374278,23818.4860466796,25208.0362410566,24831.4499182696,25665.0664260389,27460.3104379467,27433.0634931255,27484.8709715324,28824.1939921602,30539.963366648,31693.917871933,34145.7125990963,34212.9444888986,35436.8108730888,37843.9778107983,38966.6626934549,40261.3380291629
Italy,18603.4961770534,19514.9795134158,20112.5794719255,20401.0189452661,21280.5266337235,22353.6001842488,23017.7131192139,23867.7955809532,25020.5960601857,25602.3894720393,27082.5769806605,28045.7233316338,28736.5771073504,29165.0496655198,29527.89483147,30130.6444569128,32414.4661554296,34105.7205518664,35523.2713104342,34636.2164275958,35181.9684188805,36598.0149693024,36486.2967870302,36314.6971007775,36194.873918843,36909.3283742734,39918.277691654,41784.8412650752,42798.0987227977
Jamaica,4765.92777520789,5124.34431806145,5296.46657512245,5876.35733509598,6025.54402658544,6235.15450296945,6280.31679633018,6253.96606939624,6117.6226208093,6214.27139289698,6355.84007300246,6533.38352715068,6723.67298020441,7056.15057679337,7300.06382444245,7553.19313583219,7965.49738225976,8255.17949398055,8306.48396058248,7966.85700999841,7900.21072257332,8159.88482750568,8189.37599274637,8443.27462630661,8543.97312028084,8791.36574605407,9193.17464760403,9598.37095744956,9975.19407899509
Jordan,4162.97498779224,4155.470716438,4768.09076936209,4834.96242926422,4938.99546778738,5146.24308375944,5187.07403961312,5320.99789440526,5435.00974228054,5601.99037583129,5864.60757164856,6194.31653576111,6530.88321972108,6780.38742355186,7361.39110280247,7945.11780015853,8514.43092239583,9059.19362556858,9448.39932566844,9551.2127625398,9384.4724034723,9313.27106534174,9047.35225633517,9138.49443965804,9039.15847453178,9248.627096552,9187.26027896779,9841.16955720028,10093.9640130726
Japan,19561.2016400735,20849.017564839,21451.6742457702,21792.3356034633,22402.2663030639,23409.6402941224,24515.1161355113,25146.2004313157,25074.0575426,25325.7072638772,26838.6913604846,27472.5473026359,28160.1076146939,28924.6819531949,30348.0417430518,31663.4530989772,33090.1962558485,34501.5087278137,34798.7658977271,33198.616113072,34986.9945402402,35774.6967129559,37191.3859456258,38974.0794886127,39179.155610609,40396.2432092141,40004.2066110542,40800.8403905342,41473.3119526181
Kazakhstan,8270.77975714186,7562.5087919336,7329.9861330376,6858.6592804834,6211.94844019067,5925.05997931524,6156.25492296149,6470.29890631811,6530.56044543424,6868.83550428422,7733.7894428064,8985.65550038946,10021.8969615589,11119.8878118162,12428.8359993864,13934.721140115,15725.346529529,17384.9245141416,18086.2415887686,17962.8301155202,19225.0769116698,20779.4455064586,21452.4965827415,24265.3578764165,24726.4708346133,25378.5316202921,26807.9368574796,24862.9661245889,26172.3519855472
Kenya,1476.47067794443,1498.02402577614,1471.63950798528,1464.9659532096,1489.2428421039,1540.71371657825,1587.05361168064,1576.52739157248,1601.28141773199,1616.51988459398,1617.5349546979,1669.33003279065,1659.38323489332,1693.25652707936,1778.54346428932,1889.78788555569,2016.60459516278,2152.22146284907,2139.15886921946,2166.32718087992,2311.97687636183,2437.88100038807,2536.25204862325,2771.5703825345,3023.23580620339,3362.41530057868,3635.47701210965,4035.57020942115,4294.93678905115
Kyrgyz Republic,2545.67445854778,2385.80549271595,2077.16147702424,1797.13459836644,1467.36488918495,1402.80266437009,1507.21565855769,1660.82521667096,1689.04440925236,1749.87177646633,1863.74011893373,1987.03200138238,1999.67239375169,2157.2651434579,2342.49351582758,2384.17802811466,2505.46516935588,2766.05448515637,3027.86302542499,3101.33693375752,3085.65193354416,3297.36683733652,3501.22613078906,4014.58616776361,4281.82356470991,4641.93226616314,5301.46243470879,5046.69153549095,5245.12271565952
Cambodia,,,,1130.0518748943,727.110552666072,789.97900172532,826.539385136569,850.0465456307,876.438783809833,977.94923450131,1082.43433891886,1164.58092722645,1237.65299336886,1344.62480416185,1499.08692451838,1723.31444630824,1936.88232643215,2159.62318763363,2314.46217844567,2299.38704749625,2427.2433144615,2611.30598974098,2868.75925818501,3045.64909454766,3184.94419376602,3388.66837461663,3675.31437894522,3928.37368825169,4261.7983929757
Kiribati,1261.45841116292,1281.25349460636,1302.95774919272,1328.54606000592,1363.1355270488,1372.86302361117,1400.4339363322,1425.13452083464,1509.9000513741,1482.3975875547,1583.0876106446,1567.04121480786,1624.56534175181,1658.86322839244,1644.95458417253,1744.97485810154,1758.45949759349,1800.75489371695,1756.73034345871,1745.98690684999,1716.05922699588,1749.23346125585,1837.99193779005,1921.61445919551,1917.62741344393,2110.11727296233,2210.85071933332,2227.92099491753,2293.92033296961
St. Kitts and Nevis,9360.35395505058,9468.27794461374,10018.5493122147,10836.906648984,11520.0770497839,12260.1452017969,13089.360530227,14097.8484783141,14066.7316896571,14596.5054701699,16303.8935241508,17373.8120942859,17857.8604967986,17339.9462821937,18298.158624589,20462.011572308,21475.4120060482,21838.4998640074,23507.4476451267,22693.7944340208,22094.4511750495,22768.2026758946,21492.3378511243,22155.2391207845,23950.1829057022,23921.9495826602,24926.4182155359,25355.7055731463,26530.9345578541
"Korea, Rep.",8273.4060743617,9345.82283939172,10044.1907121302,10875.1244880608,12008.4736625153,13299.1615502715,14433.0007968124,15406.220216944,14621.2995817822,16392.8086272699,18082.9547532349,19168.2151495273,20775.1051401435,21376.7663012002,22936.8117455331,24196.4238503746,25820.9717332286,27822.276351002,28655.9835241828,28325.2094328853,30365.2784768084,31228.5106952266,32097.164002476,32615.7725895835,33587.5833961446,35760.734442377,37316.9434864796,38649.1552033594,39660.9160925081
Kuwait,,,,,,59914.9966174329,60590.5899502166,60079.9229104127,58823.9934568559,54986.7267979778,56164.6529423481,55928.5381974622,57602.3566357582,68053.3071966497,75681.1782707885,83667.3835725541,88637.0026489529,91449.6215301241,90072.9876500394,79403.5677699006,73946.469216402,78157.4811289785,82097.0177087748,77407.5956979376,69993.6434549224,46811.9011001058,44220.4396788785,50855.6639453517,51708.2747574427
Lao PDR,1025.76001787225,1075.51164176184,1129.93109178598,1193.3799484015,1286.04720316695,1373.25305484441,1463.65976723503,1559.98745514786,1610.07687673747,1722.28118816677,1831.96916199421,1948.39568592249,2064.43106866356,2196.99165097502,2363.31507289946,2569.53651246436,2829.04245152237,3073.74333679142,3321.91526967611,3538.64734813836,3822.62714210873,4150.82417263917,4841.68735113813,5289.60396260592,5873.07374064019,6168.41515485988,6844.15016459893,7257.80793165273,7777.77713753486
Lebanon,3854.0654553716,5712.74311308402,6461.87200003756,6943.40940467202,7312.29318468107,7665.47444783367,8488.82572900622,8612.38703538714,8942.7908720117,8893.60797528993,8986.60578011823,9182.17154614232,9205.6705471461,9224.48266364508,9670.16773232498,9963.32275323496,10305.7143567517,11552.6390463762,12873.6509991919,14132.8199237383,15009.9151201496,14723.0846683746,14882.4010138698,14959.0696479986,15076.7874791163,15078.1895296823,15497.370728011,16081.5059059902,16416.8915610494
Liberia,,,,,,,,,,,993.400566221013,1007.53013725861,1037.12159191801,725.384753419367,750.14507274497,793.494215827987,853.792071796053,923.515052258458,967.946588817842,987.007150964413,1022.0567939227,1093.5411870057,1177.94734528014,1342.24951582934,1383.39238252826,1293.2684059606,1380.61520647522,1515.64325045424,1533.47076619256
Libya,,,,,,,,,,17287.1931089089,18043.5760537656,17830.2303174143,17653.7044358566,19998.5789581513,21116.6103904811,23987.5503648203,25925.3750010404,27896.2987034262,28792.8722932467,28430.0980761901,29895.2196008132,11482.0988242594,24285.3001242902,19869.1109757202,14303.0174902414,12220.0234015984,11108.7168390127,13237.3654299731,14423.3431920793
St. Lucia,6298.5031362357,6443.75823476474,7026.17833085931,7151.40814859577,7335.25479108263,7527.27415376292,7785.01613316149,7755.95060282378,8221.46879324335,8453.84740571767,8551.37608709529,8363.7370398923,8466.48780672773,8927.74578818205,9756.22616133379,9920.69498226323,10725.2280455031,11089.6627843278,11702.4634263758,11471.1071439292,11515.397069921,12140.8135758612,11737.849667174,12024.2706406281,12223.5060492462,12435.2550798639,13036.2588185815,13582.3488043592,13960.4064709883
Liechtenstein,,,,,,,,,,,,,,,,,,,,,,,,,,,,,
Sri Lanka,2306.77006688782,2464.61244412466,2601.85581205794,2817.42098344238,3010.23480941297,3216.00947008385,3376.32156627182,3634.03869869271,3828.18521998962,4029.04884974388,4339.68401960013,4335.36721428205,4542.33593956302,4860.33788133143,5218.68123588849,5670.95512854601,6242.37314310652,6795.344793996,7287.5852216106,7550.29488736414,8194.26965834985,9007.65736301288,10315.230564423,10852.2202284694,11255.3837677351,11557.1328588085,12224.96843977,12669.2545979614,13254.6564275764
Lesotho,810.46769556902,876.295194508776,937.235011031455,971.341651907783,1029.32911247932,1064.18639191021,1123.20952190513,1164.57303624908,1178.14615246207,1187.63742360181,1253.13205253128,1324.31612782812,1358.94702816762,1455.53236482354,1529.41685798991,1639.75229656643,1766.30077335418,1904.29349727971,2071.95554765904,2129.51059756178,2286.57822302951,2478.91680804742,2504.16603699699,2749.5921229011,3006.07692846451,3276.04449936315,3276.77108031939,2985.2976708133,3068.17291482804
Lithuania,,,,,,5922.32626002505,6376.14373777533,7068.31731343017,7762.96813723723,7821.64084809079,8459.60505656967,9451.72349386505,10494.3492320996,12067.9009141657,13031.5332665965,14526.075205912,16481.7946016473,19094.2025447007,20744.0735483349,18159.6812923202,20053.9040755309,22823.9541631041,24645.6935431893,26679.9785684523,28156.1858355089,28823.8180924943,30924.9309431662,33821.1954485172,35831.8628150858
Luxembourg,29656.3348367574,32866.2176686046,33775.2237786572,35547.4397888783,37183.923524374,39624.4152453694,41322.5609651217,42836.1624878568,44396.3910307933,50627.9277628705,55361.9323044284,55895.384835493,58771.5092731796,60040.2312530274,64051.8250290075,68220.0644818574,77938.2001191823,83975.6355682133,86693.8951220862,82340.4894946413,85677.6334441022,92005.0168361444,91622.1774169388,95590.5386984251,101297.575745297,103750.775104054,110649.696618165,112822.605827833,116786.479974329
Latvia,,,,,5885.32699756741,5489.763590759,5776.00330587642,6465.93832923622,7047.96123014325,7390.39273741002,8017.56504733646,9018.46788017748,10052.5958806474,11011.1090632303,12199.2074682899,13836.8556061041,15742.4317132123,18125.9763967795,19466.0746088845,16936.9330870386,17600.4172371866,19789.4778399823,21291.2312357879,22692.8103512997,23844.2963195406,24830.9229657427,26404.5256861466,28488.92360721,30744.7810562715
"Macao SAR, China",27082.0184354834,28216.5091201872,31913.7369552652,33632.1518281841,35090.7015952491,36266.9843369016,36041.3696924724,35833.5483143234,33882.9787882759,32858.0290822995,34742.6726285598,35683.1986907855,38533.1722164424,42742.0891111138,54287.8638168684,59079.7883227878,67443.493014981,77578.0450079861,80068.5598324872,80011.7870482639,99166.9027252384,120358.931922578,133607.350371981,153479.808975556,153562.549703926,116623.20770002,114903.960071267,126918.226521718,135121.371645576
St. Martin (French part),,,,,,,,,,,,,,,,,,,,,,,,,,,,,
Morocco,2545.87118455349,2770.94882578128,2725.6237083906,2722.17277558135,3024.58020389695,2876.25636097532,3243.96939505236,3204.38367392953,3430.20344114783,3473.50006779271,3574.84332403854,3873.40717597527,4009.18555086189,4276.01257336328,4547.8236848785,4787.23394538032,5243.91473896182,5509.92987758794,5879.2609502389,6099.69276551087,6324.15295483307,6703.87683123861,6940.43473723986,7278.36214183693,7507.24083111078,7822.96804829934,7885.83765077327,8267.34584065211,8611.70983312611
Monaco,,,,,,,,,,,,,,,,,,,,,,,,,,,,,
Moldova,,,,,,3186.27514864492,3060.05028217482,3175.81152526961,3002.66187875995,2948.04239590444,3083.73539899053,3351.09421691258,3678.12842955177,4004.96095895361,4428.07278689012,4920.41301100153,5327.42824564973,5647.72567288047,6218.49975340827,5897.3917683284,6396.08920686704,6913.60222203822,7315.18015944741,8685.1877707798,8827.05331237379,10666.5376009638,12359.2332261896,11651.3174546862,12564.8940000924
Madagascar,1213.08544955454,1141.11824849395,1146.54838196752,1162.95174918803,1151.40954386334,1159.40249070853,1168.93676039225,1194.75662024368,1216.62924233926,1251.65730422006,1299.37375816542,1365.00494865419,1174.44704129099,1274.24149741881,1336.80877018549,1399.92891811233,1471.12661016572,1559.2271080868,1648.50396473065,1550.57786013978,1534.89112154165,1548.32762959927,1534.75722468977,1538.34066431673,1556.39025518194,1546.83543106561,1606.90168467061,1584.42272166843,1652.39913939426
Maldives,,,,,,6178.42103185413,6653.91750946586,7207.52447123039,7700.27635666422,8140.06893674164,8460.49140360018,8104.71110809548,8594.75459035079,9678.55080917185,10248.2502402818,8940.43245444165,11336.643070643,12251.7670125841,13345.0116434602,12123.6164171761,12712.2041790588,13542.9274879603,13690.6260826236,14774.4029601838,15991.1427462023,16768.2665208418,17412.2289314067,17988.6899992013,18959.3729980013
Mexico,8081.83606131342,8559.90013402116,8936.04791187761,8555.64055999882,9014.38191451934,8482.61306248597,9076.08773481945,9712.09127072346,10173.1654332903,10448.8234029556,11089.8134294426,11129.8689578182,11187.4776219579,11482.4495877714,12085.7600661914,12657.6371945575,13808.177624733,14290.0672372946,14924.8217487322,14558.2448127429,15260.6205539571,16520.2585085371,17162.9275170326,17373.8970180913,18045.9844632038,18284.8828438085,19314.2573597382,19795.8684950156,20396.4777131565
Marshall Islands,1998.49065540435,2019.48713561065,2175.20991436423,2332.73184098069,2503.29320402963,2752.43059436189,2510.27384394128,2392.89696931899,2404.48240313317,2405.38236004206,2476.24679559347,2668.12942837962,2760.84107302883,2710.46542410316,2757.24809241076,2866.9396526901,2946.29521743259,3093.46513792563,2934.23005052997,2995.23435050235,3252.367856745,3285.58253525386,3258.50077384901,3425.60154647446,3443.02834153973,3519.21814540136,3585.71074656696,3780.93897001435,3989.03765796218
North Macedonia,5526.36771352996,5368.57328015694,5142.4066731042,4882.41368129095,4904.74539696415,4947.90111209323,5082.34489764738,5217.79725660587,5435.75183432745,5703.98247551116,6128.53426535372,6028.93000427761,6305.39867214094,6502.7615765148,7080.15288926219,7759.71123478118,8583.3875357684,9242.30529338249,10417.9946460523,10922.7505014985,11282.2436491478,11611.1964776133,11839.6489724121,12653.6221920111,13368.1621276601,13831.2135465295,15076.4103614051,15551.9674037072,16624.8580151891
Mali,804.229552773928,909.109537959451,878.057797121225,903.204374324075,931.956896361653,935.140286727724,993.346745258467,1032.32456574724,1094.13470692458,1142.08125697301,1134.54751476414,1299.12085759678,1320.2201048145,1422.5693025781,1437.31211577441,1528.70128107369,1594.97371034148,1639.40153952191,1693.73291346025,1729.17943492406,1786.69210365838,1826.6477924667,1767.11003464029,1816.27536622082,1916.67370234107,2033.51021303451,2189.26826052008,2248.26493006186,2344.29443201713
Malta,9335.84889569106,9982.71222127992,10579.456246985,11202.9329599069,11976.2315410273,12912.5385633266,13668.0832327217,15126.6335861514,15868.602523195,16962.2785985845,19430.4129452267,19621.5404601942,20561.7205036261,20938.0138533867,21401.216377935,22232.5551394408,23220.0249402353,24891.4693148885,26193.0865921314,26159.3504976996,27829.8507501358,28585.7033098836,29437.1847387098,31080.2820277273,33391.1830159037,36195.5621880995,38969.0197268916,41786.5022368101,43538.5099282286
Myanmar,425.334002051983,431.069018335526,477.654821903677,512.599476620581,556.296043598355,600.253426005841,642.566001319017,681.768464383547,720.540883793861,800.940080022261,920.664746543878,1036.37818350342,1167.57792803224,1341.3405532544,1550.91281499075,1801.91937594258,2084.24964438331,2381.4061015669,2660.17781600353,2944.33317162953,3243.00048858502,3469.13922083925,3727.17778129656,4016.40645627731,4245.30821468969,4327.1309068173,4332.69942029808,4620.47846444562,4995.98897661173
Montenegro,,,,,,,,,,,6004.0890662382,6773.20685481304,7100.2903574864,7332.8669531336,7835.17398649779,8313.66724377336,10446.130724081,12446.4265354844,13816.5544474833,13034.6654488359,13645.1735019346,14472.3984079938,13863.8842702016,14870.2316473762,15371.1363573855,16337.2530420173,18197.5468607949,19704.2590465404,21301.4868050995
Mongolia,3346.56935946714,3110.86663829127,2854.32454165076,2804.74389547932,2903.59175194836,3129.43178425419,3231.87370098287,3387.68452327164,3510.28160394197,3638.53952539844,3729.24994444787,3887.62685160619,4095.93970835698,4418.14379372877,4963.62369190769,5424.24085302766,5989.65530337711,6689.4597102149,7319.09967337963,7167.24142803248,7581.56339605203,8912.85730530754,10227.5893309823,10550.034719836,11054.9085610307,10766.8637641495,10743.3949411621,11311.7938212007,12203.4718504451
Northern Mariana Islands,,,,,,,,,,,,,,,,,,,,,,,,,,,,,
Mozambique,291.491220098542,308.033140952485,285.585959268743,310.599933618417,324.919813882327,327.484983181188,359.760122075383,396.469571299736,429.807079487097,474.881483754539,478.294112019033,532.544676827153,574.140895519079,606.970189571161,653.15959720139,697.767168159597,766.700011814684,824.951534196532,877.863906723766,915.016201035436,959.059595876706,1023.06563406436,1038.25217440196,1086.94706714025,1139.50058363724,1291.98685633002,1364.67163968358,1283.65986980986,1320.95563186038
Mauritania,1759.47746622151,1804.00274809841,1831.67805516004,1934.74644275703,1867.18295744202,2040.94731216851,2144.31785966055,2040.89316122437,2067.95368902975,2201.94842019393,2182.99305545243,2214.90556513994,2203.18715149952,2312.46099000601,2441.05954199416,2665.8214678194,3172.71390714639,3254.96869730175,3258.75178691572,3156.3305251481,3249.04087583907,3372.13563464409,3452.08875507048,3693.80251794512,3502.06981778396,3284.10880332994,3435.646182287,3686.09628024587,3802.87323215917
Mauritius,4946.52868543828,5283.28831297731,5680.38253663035,6038.47240707945,6333.21708624031,6685.52067600449,7115.20616167604,7554.37132926368,8018.50389703161,8241.22060487354,9027.42552534906,9459.23214451767,9696.47890649372,10386.3468039781,11058.2433045189,11536.8766904588,12406.3264279741,13407.9774127398,14353.1130629677,14902.3542062282,15698.5221545627,16653.2438040789,16989.3342015445,17886.5433114617,18493.1894889617,19230.9044635218,20703.9391408778,21415.1161096211,22752.2179300197
Malawi,469.182393192599,516.635615085098,485.33283035035,543.616791071294,496.560845942171,585.84874136935,628.831374568384,648.273913535897,662.554039931111,673.299472771271,680.734157370381,644.677948646606,649.993431180824,683.130031147415,721.412631447343,748.479713234155,785.732528537164,859.897922277578,917.05809527828,972.645637796896,1021.85898830332,1062.95445529782,1036.80525615592,1110.67009445411,1079.23558178629,1018.6909597408,1024.87189362864,1037.54586753623,1071.33762099385
Malaysia,6818.40198212604,7517.49070866572,8159.29637732624,8951.92093805075,9739.1255746309,10648.7712924907,11627.620028274,12373.3149257881,11302.4602727243,11875.808673836,12913.172136112,12976.6736016814,13606.0510288377,14369.8282045601,15450.0454974478,16454.2179363379,17549.5982565718,18784.482193989,19695.0770386472,19193.190475463,20508.7524443904,21704.7495756706,22985.9856066937,23478.425316657,24604.5804542915,24801.245712035,25547.7495216228,26648.3296520057,28207.7042310851
Namibia,3653.93829328197,3965.62110568042,4231.31988267796,4158.58763603313,4221.18796288845,4378.59218294921,4502.82694306526,4676.34910290503,4789.84159168797,4930.96195930407,5127.95302756396,5217.55192259784,5470.34146761039,5722.87893857795,6499.01500847534,6762.57079596674,7335.15368443089,7797.75444707643,8012.79967266737,7951.27750122881,8377.4346442835,8830.22364694657,9360.71754045492,10194.2116018983,10778.5163785286,10936.4796841044,10979.0855280564,10707.1655276867,10704.6651958998
New Caledonia,,,,,,,,,,,,,,,,,,,,,,,,,,,,,
Niger,566.581089126708,581.420755836704,537.877013238956,540.096791118341,554.445157201732,561.115898064057,570.702324360446,575.924426490521,620.694448861659,604.067423680719,587.285632364186,619.84153726888,625.194517201049,646.273890808698,640.147250615676,664.550329372887,697.765368441928,711.806952696793,765.738638783325,737.441004192756,777.946268844492,781.442116696214,855.465013433059,847.104175254886,867.266017668878,854.475680526426,836.07060795284,846.519886930078,888.778755887782
Nigeria,2059.13478641246,2082.69313185051,2173.30897620485,2125.63964986062,2079.13440698928,2069.02421660312,2141.347818612,2187.13496822947,2213.01673500386,2202.40980386656,2306.11457938108,2434.24621924821,2780.7923623659,2964.36305983254,3241.72444825026,3467.10510586775,3690.84017140901,3934.84237382496,4170.73288633731,4420.97418305402,4703.20500874886,4922.70261677136,4990.08094394508,5229.69612340136,5508.47355869518,5424.4024600507,5233.56684833117,5190.3543863579,5281.40142119156
Nicaragua,1975.41357537827,1993.38974211766,2001.23325216006,1995.79189272143,2061.85505565259,2184.88394773372,2321.43580846419,2411.35951475124,2486.27097661539,2656.14268560844,2783.25672413576,2885.2284608456,2911.11705936641,2998.11114702575,3198.37113171262,3392.59197274353,3590.8271772409,3821.56905047247,3974.76312882685,3820.54148347626,3981.04560924951,4263.15488799854,4429.02028574274,4610.84504961074,4941.52403096628,5293.69172163713,5693.65384281182,6004.03178872477,5833.60013738122
Netherlands,19139.9497520869,20110.7374107067,20762.386503233,21372.1184769983,22339.7653155001,23403.012766038,24471.6524393608,26008.2660625555,27708.4521268975,29268.5360985179,31882.7553106445,33194.376306457,34447.2053180645,34112.3187921307,35777.3107454946,37625.5617084958,40964.3146415414,43893.5270963339,46420.2016795592,44599.8205587071,45074.0399364739,46599.02103045,47272.1030187972,49241.5178406305,49233.2153954401,50302.0677470128,52283.156849093,55347.9123930263,57565.197555795
Norway,18427.2318443106,19544.6938782545,20585.4663342609,21544.1747353237,22985.3813991904,24315.9705768448,26777.6832818458,28599.0162988613,28185.8586139786,30555.0490591114,36950.3247452806,37780.4670651704,37980.3539761745,38551.5541123241,42511.367268327,47797.5299472052,54095.1556921903,55872.4252657304,61716.5997128422,55417.5022398086,57958.3743568213,62076.7406576686,65354.7792483883,66961.2530988205,65892.6892787813,60385.1167632081,58933.9557759465,62940.5874986548,67640.1813801458
Nepal,751.835580380088,805.454702072581,834.72039818996,863.502667566813,929.412285144238,957.460035480973,1003.03371574008,1048.37780732459,1069.74742662829,1111.28906372457,1184.84313284912,1247.79023675181,1249.6224656556,1304.3031825278,1383.46721119747,1457.54957045815,1532.99751205037,1608.3909247087,1721.24425060242,1798.35494096455,1897.78155796166,2001.62830395377,2176.16638076706,2349.67257053082,2593.12372509842,2633.34918025913,2583.14753396603,3099.30608189538,3330.62132571394
Nauru,,,,,,,,,,,,,,,,,,3816.38273034946,5203.83085095736,5670.0575313421,6470.45357125623,7339.30436698256,8056.69642100375,10451.9390087245,13273.4836493531,13104.4803663974,13982.201569653,15039.3175663455,16504.2579284634
New Zealand,14857.3451049971,14561.1036038968,14913.3802905023,15956.7784679654,17090.0486661206,17906.5881477421,18463.768821168,19136.8212783408,19341.0011992042,20579.365916514,21519.1572276459,22500.3402164299,23306.2795376277,23968.3973515808,25080.9382639952,25677.4190803252,27759.0462511071,29386.6375322072,29860.527731852,30698.9313992974,31254.4114521947,32734.5366666969,32986.1828887189,36219.4240080477,37260.629400992,37475.1783595906,39912.0220423792,40922.3872184683,42193.8180302676
Oman,23566.5225294535,24729.6904161572,26183.8498695418,27205.4794106648,27838.0894365374,29085.7755889439,30078.6983077454,32254.4405060641,33448.083393704,33842.9719625219,36258.2262639637,38259.1446961318,37779.8159763639,36649.0115904798,37196.7821867044,38281.6786896639,40439.6157341656,42127.8200159448,44884.2680754459,45901.4678495589,46023.2530469795,43467.1071521995,44297.8767906487,41849.4333018382,38761.9929682557,31072.7312171813,28826.324270637,29082.3795849893,29289.7001952676
Pakistan,1934.0986881055,2041.34306174888,2186.91287868404,2216.293395993,2284.30581506934,2380.42160860429,2470.19454180673,2466.46186703172,2486.01832738899,2542.90651962291,2639.68796681852,2682.56595102369,2745.69129118076,2864.34511227746,3086.20858679356,3348.55533604055,3579.96240978943,3766.85558269754,3818.0719405803,3868.74396435206,3890.2906620093,3993.55013133961,4018.73600013074,4103.66311282568,4238.06968681342,4372.92066958196,4410.41848302732,4571.41449087153,4854.94393108132
Panama,5045.01792054985,5588.88596340015,6058.21659411924,6406.72972781373,6593.29685994614,6710.57632592368,6968.21557442609,7393.98923735927,7865.19473856915,8126.98881753083,8367.74417764746,8435.26802640111,8594.08798515968,8951.6703736885,9701.82075455737,10527.4693194614,11570.9955722911,13066.8430313374,14373.6473690296,14405.1081447111,15153.5276245779,16923.9163968121,18684.1390340681,20812.3157690393,22896.4284368728,25318.2398406045,27850.3298636085,30486.4819100126,31834.0143386004
Peru,3361.40681526987,3481.0799363676,3472.63970350632,3670.78599652313,4132.37853592562,4448.21201026669,4570.91722547481,4861.12249016604,4811.26192308381,4873.86481854498,5043.26718095222,5120.06957015019,5423.64342964858,5697.43025234725,6084.89539808219,6610.89051900909,7262.25782564979,8026.60975504313,8857.86510125642,8951.01502181022,9730.42311529875,10476.7948962064,10770.3417511819,11297.306163299,11509.857850501,11571.9637540451,12012.5985608692,12506.5301705306,13093.748703832
Philippines,2569.4118131459,2576.03025462523,2579.98635625095,2633.27020095824,2742.15907667821,2863.31585567435,3016.27466773991,3155.39392463059,3102.78113263866,3174.27776671294,3316.01981999367,3413.25146265814,3518.90582496764,3685.99477826814,3959.67420937428,4198.0187168121,4470.90133733642,4811.73114338443,5024.9239341796,5037.5719981053,5394.60030213348,5613.07082290901,6012.49830166109,6333.63837118467,6658.21226799278,6865.9173736066,7372.26712742633,7753.43945748383,8321.21626139508
Palau,,,,,,,,,,,9889.8326115428,10598.3614090808,10995.7307189725,10787.8029033216,11595.3903452,12495.8878972273,12837.9870102104,13626.2826132555,13433.88251171,12979.8679923734,13411.1007556926,14527.3193922378,15168.3083792518,15245.6114104045,16195.0125242073,17977.5310081878,18256.89902546,17865.790814837,18510.2156584185
Papua New Guinea,1439.2466658895,1592.12728002619,1811.50576784488,2141.99817638434,2264.38214233423,2182.96813827449,2337.53729971904,2229.46297689417,2117.0589855068,2136.04333766924,2081.45536199269,2079.35510756678,2066.01305766076,2106.82375842739,2176.64624889386,2335.16183812792,2477.99325218017,2678.29844466111,2656.86445517885,2791.71461148788,3039.78623637129,3069.75809776519,3206.19624483098,3318.80476871474,3763.07787858426,4081.29824656453,4209.04366236522,4353.28335715609,4336.24465709434
Poland,6173.86241160969,5913.85489554479,6181.76889777759,6548.11889536722,7027.07798101897,7662.77157126606,8250.35007365519,8920.16054746493,9471.41188027197,10022.3953632385,10655.425485274,11102.0835060116,11781.0563524395,12257.3348539845,13341.158266681,13895.9235416906,15139.6266951363,16786.7490490813,18310.4432086685,19261.0224550438,21064.0851811089,22850.6388460286,23833.2097049185,24719.2475053519,25612.257831144,26856.0352192633,28283.1543485005,30143.3290263037,31755.7718867144
Puerto Rico,13423.4856537018,14097.14655443,14979.4734862032,15912.0154864775,16775.5406010921,17741.7651768932,18278.4178698935,19320.6080182304,20500.4884086449,21807.8737419075,22961.2908723395,24893.0167974691,25485.6265881483,25956.5348844742,28981.3984672044,29332.6521319495,29920.8257982677,30545.6741595635,30745.415859352,30541.0641853302,30925.4008279126,31824.1548383855,32582.6224082106,33172.6712604566,33682.850026137,34016.6687531688,34348.6519800464,34634.029102697,35108.3455179904
"Korea, Dem. Peoples Rep.",,,,,,,,,,,,,,,,,,,,,,,,,,,,,
Portugal,11758.3626503014,12716.277507751,13157.9779755287,13178.3877471218,13553.1387525972,14380.0788777095,14894.9738314702,15783.3795683607,16686.7394183963,17718.1515724419,18883.7432073804,19533.240821592,20356.647299736,20828.3259183521,21458.3718593563,22725.2774946084,24652.9499671625,25706.3800793085,26665.8372952939,26484.3682908257,27280.1658554885,26769.5118850004,26438.0163019973,27936.0396644563,28742.4403783509,29668.8592004843,31604.5463111485,33086.0967739013,34272.0362082602
Paraguay,5391.60301947423,5621.0286240843,5701.08778490226,5975.69808031988,6275.54840297664,6685.60112285061,6758.41268091491,7008.22844122953,6939.56334567288,6799.1484371731,6653.98191416041,6612.48395852902,6589.97221015614,6876.79850473563,7223.35677081981,7485.08178040412,7960.49955171398,8495.09592615246,9085.54016348562,9008.71239737037,9993.03296982448,10490.9355410387,10024.5981072804,11088.0465274267,11425.2152523492,11471.0969469515,12029.1276095113,12594.3414272628,13204.3087520227
West Bank and Gaza,,,,,701.88098883545,733.946278858754,682.456104731454,704.320741821146,720.540767708514,708.21124376308,655.266149254462,573.897094170023,441.443954592918,519.887062938901,583.478516847616,648.981106780343,630.813850859738,729.994991326537,879.339460417256,855.369402488506,958.56047615721,1120.8649701536,1192.59855017576,1298.81325811021,1398.00259033266,1377.15607550803,1415.91472406459,1598.74716896955,
Pacific island small states,2832.8058274847,2862.03850865428,3035.93362958047,3137.61423615857,3302.32612424856,3437.39048575183,3572.35622174061,3529.68384533693,3588.89904876618,3811.73260986189,3807.40116116308,3905.63930599727,4017.99098512693,4120.54656787905,4366.13089087846,4531.48164221226,4714.77004841447,4815.28145250269,4921.85032030001,4821.34136661192,4958.27849281696,5193.75405227941,5432.29546939071,5685.91573009112,6381.70579897248,6789.55898029844,6910.88684951415,7238.18690936695,7548.88438668822
French Polynesia,,,,,,,,,,,,,,,,,,,,,,,,,,,,,
Qatar,,,,,,,,,,,96822.9533977092,99035.4224416379,103476.988001059,102758.23453475,113857.355864863,109856.195253319,120837.351191591,122883.548861958,125011.137010541,122424.172563006,132048.133684447,139358.354293196,140635.941860527,137077.276096089,128905.12853555,92143.8839730651,82237.5942861259,95058.4683407273,96804.7296884737
Romania,5270.67049486594,4786.40896134034,4506.82241021923,4690.51587651805,4986.28654816472,5419.13153288989,5735.27319678224,5562.20200458605,5544.23560139863,5596.49311641832,5850.31446446796,6521.48350836744,7162.31356960316,7551.72668715016,8982.16838779561,9602.12691658258,11542.7673516263,13685.8528378232,16782.1819976766,16647.8199172913,16979.1181543581,17907.5841692863,18931.537401015,19797.4111206535,20623.3090556572,21631.6519708325,24315.9105225686,27298.3547176622,29061.2644603089
Russian Federation,8010.38189287655,7845.75729462557,6855.50269877913,6416.87020344718,5737.19387074865,5613.28295492244,5517.86212993559,5699.94969819122,5465.05976670673,5914.3414892284,6825.40603759493,7361.38379952194,8037.49948207895,9254.5602973993,10226.7847523014,11822.3709000841,14912.245295999,16648.2446710562,20163.6116757122,19389.9421268292,20490.1294447216,22862.6005493839,24325.0649076933,26126.8315150548,25770.9334581441,24087.3260920265,24237.5788713251,26079.3733134885,28556.2545049113
Rwanda,529.534775168232,549.117520505641,628.477610007615,632.585492368599,339.177709575196,476.27135932633,530.747262675029,575.725616554595,584.364238881054,574.034461099469,601.326403952948,642.562165657919,721.658341542677,739.827179910504,804.727014513277,891.215934414334,993.868749662737,1071.17637688584,1181.93311379353,1231.95493042195,1303.53565245092,1401.22173106062,1450.5461019842,1508.31557236725,1661.5947070559,1752.78221094298,1836.79126631958,1951.17507870441,2114.08526666936
South Asia,1243.95877149899,1282.74167081154,1357.86638762251,1419.43799318617,1504.90413774521,1609.18126374327,1715.4751877478,1774.35330971128,1857.19983048591,1990.89002802227,2078.73109296727,2174.81585489332,2250.08575695231,2414.27783117885,2621.31820331305,2863.82401289486,3126.57930338061,3390.36791787732,3512.86360149799,3733.64335911441,4005.23536338504,4237.67849864407,4566.90635567255,4752.23582692997,4928.1787615185,5137.20100493931,5447.19809350243,5772.20243510466,6230.83201084634
Saudi Arabia,32087.7067122916,36925.5648721713,38114.1286485538,37443.8071168952,37504.4674850717,37498.5336881111,38378.7908104081,38712.2784428356,39514.784836208,37791.2340308876,39882.6231754495,39240.7680963175,37667.039312753,41441.8537807355,44601.7864095328,47161.1129947785,48552.5333522139,49394.0034790198,52047.0548533263,49933.183961323,51529.8357785276,56132.9575251876,56959.8087850248,55441.1113790831,55654.7027959641,48180.1832207042,45012.2637628464,47309.1246039039,48756.1606823044
Sudan,1143.53876005477,1238.57270655828,1315.62138292696,1372.15039839216,1378.9175778415,1453.28420048914,1526.14246822823,1670.77186036848,1714.97735867727,1745.10059332137,1845.52334075272,1953.48384029038,2053.79812406965,2191.62200149821,2273.59749499367,2450.73849998856,2702.90100883985,3011.09645485616,3220.32965611965,3262.02033779309,3327.14229485553,3643.09216091874,4152.15610131223,4306.14933794198,4397.80934323973,4551.99691787188,4703.85680798157,4880.26151672417,4767.68982660282
Senegal,1476.50368019376,1519.18660565004,1526.92701880981,1537.88510465783,1526.96285563902,1599.29296136242,1619.83507941406,1658.67168172343,1735.06602026937,1828.61177153801,1884.19939095352,1965.9060081771,1961.68286444363,2079.52687239955,2204.70329887936,2340.56969138297,2407.34074948283,2526.43171184993,2609.14022354809,2612.15472596272,2662.68694074575,2682.69360623703,2769.50477367264,2752.43267819562,2831.28064125834,2971.45051373106,3076.73210235847,3224.8531768559,3430.16285940513
Singapore,23852.3352868553,25570.2238027318,27064.0045111609,30109.6104544959,33110.3691863373,35154.5857708256,36940.5672430354,39360.0289149563,37628.9305038517,40035.9684620986,43864.4239920095,43167.0979706458,45152.5142915078,48791.2692039408,54340.3195569461,58758.9808525783,63955.5679055921,68677.2132966425,67624.9233881801,66196.0636410802,75347.9266808863,80052.3914982651,82065.5279029891,83003.1991698927,84412.475766313,86972.5316476659,89228.4216210178,93980.9405315942,98827.3526023806
Solomon Islands,1221.94150894215,1301.90127953081,1458.65022823787,1509.10097290274,1635.92163306006,1757.26562729748,1767.77170778006,1723.50454135479,1725.4364549014,1694.65219081227,1445.48622850287,1323.15218829282,1271.97902520385,1344.05535169591,1411.46842574299,1497.18303399026,1611.37405833227,1735.89456963801,1853.13746537399,1737.97250891582,1832.83157308627,2064.59580340548,2142.50704790643,2185.86878330005,2216.26505321992,2235.8269641723,2271.61391481808,2337.6426720615,2422.81953266744
Sierra Leone,776.406966410755,816.082113347814,676.128475289069,704.70362912434,708.876484164129,666.743052030306,689.463795722922,656.687147439081,668.807682243641,652.97930216024,693.011837428143,639.624977620434,786.37053536911,835.957819996625,875.879758459947,908.46986225291,944.769453891961,1020.2515610887,1070.51277607413,1088.37446561123,1134.08855614378,1203.21027160594,1408.53774378032,1749.27489341038,1789.60706296696,1587.83102402979,1597.75522169277,1642.60659308554,1703.80937442017
El Salvador,2915.88665031851,3018.23874550235,3258.45792312969,3482.0969819128,3675.41842788993,3883.60449113812,3944.07067337832,4097.28386513112,4215.60502908685,4333.67215667942,4447.65136065112,4554.8590032189,4672.35752622629,4807.7197885338,4956.55753899182,5224.7601622286,5591.44480746654,5823.17660498719,6063.28870852065,5956.87773425379,6127.04183023424,6465.87757698711,6542.77938269746,6877.96881105429,7232.75213948067,7597.34176589782,8025.62427089168,8436.72986978945,8816.64304630321
San Marino,,,,,,,,49484.3442836126,53243.6282362216,58209.8295940165,60124.6056793847,64038.2942033126,64432.4308124462,67251.7903530663,71286.911791369,74272.131127641,78463.9447662512,85274.4100823676,87290.4201226384,75725.3371644947,72075.2969180563,65725.5675212026,61073.1592449088,59430.9847077947,59290.9167039757,59697.4434166721,61250.8637797255,63037.1257778207,
Somalia,,,,,,,,,,,,,,,,,,,,,,,,,,,,,
Serbia,,,,,,4881.28610736661,5096.31461414646,5572.24610767531,5793.85040281359,5182.31114948101,5727.52741203735,6137.8622659926,6800.89386792162,7197.98812701065,8064.52767329845,9181.72131199711,10196.880993195,11224.6010911749,12632.1049828398,12545.9950061462,12806.8476280375,13746.8715017152,13933.8493813121,14629.0814302611,14659.573761556,14922.146910479,15832.2206511236,16599.3685552249,17616.9559724373
South Sudan,,,,,,,,,,,,,,,,,,,2910.54021161026,2944.00928757238,3020.95054712293,2844.51612859785,1519.14246419127,2099.23564400007,1495.50961138534,,,,
Sao Tome and Principe,,,,,,,,,,,,1841.87859328349,1880.51264775508,2001.06619610353,2087.58361717716,2250.6333551727,2464.24474629408,2540.20178081101,2722.68838571838,2734.02085989826,2876.89114809366,2997.15249785196,2962.18883700469,3324.1973830194,3820.1760421566,3840.21145664754,3891.59630934873,3915.73237939135,4040.86048112083
Suriname,6616.76001586725,6891.90932135385,6948.46070574551,6522.16456878591,6775.92559522115,6812.38405149125,6907.04098738649,7329.37132572965,7488.84297763273,7401.21513613448,7634.29404775681,8033.3841722188,8290.55442391968,8871.53249796834,9769.88483882777,10405.6162133225,11210.7291329808,11960.9797939377,12552.9522401746,12880.6905378098,13548.4051905399,14475.0185113507,15789.6587627055,16818.1626471142,17261.3690702805,16073.1531629988,14375.6427759335,15622.1423379319,16151.1735106449
Slovak Republic,,,7163.00048013817,7457.29304393477,8057.38184937958,8681.57553126822,9390.64129649923,10082.7321914949,10622.8246415435,10714.1771288139,11380.8310273659,12391.2733371517,13312.203306834,14165.6120561322,15212.5134767909,16639.3941239799,18891.2397697264,21200.328642364,23725.8577558996,23102.8127137402,25171.6131071418,26049.7923842016,26933.4222167626,27967.1723033741,28991.5658308395,29924.1215483702,29651.5654808572,30905.9059639895,32616.6492230856
Slovenia,12356.9310724456,11630.5078623036,11262.1896596634,11885.135159681,12800.4444730116,13602.6579039401,14282.7159326736,15277.6502210776,16055.7513486949,17083.2512257515,18007.9661809151,18956.2899965755,20241.5254208308,21089.3042502197,22740.2953689768,23852.6432841831,25689.3954889946,27541.483838738,29604.2912348481,27564.2349338811,27845.5119877052,28931.3837141518,29042.8202729641,29973.6991074851,30870.0236667425,31636.750034272,33868.3155825616,36650.8021903461,38749.2519820723
Sweden,20221.2450736036,20525.1259070138,20628.3064623625,20561.0776936745,21679.6361346307,22898.7762586378,23728.453029684,24634.4802555095,25706.3928614723,27293.2140688778,29460.505949487,29770.3330308084,30751.206648203,31583.5369641333,33608.8850066905,34029.190292314,37429.0520137453,40589.838731853,41971.6120485994,40186.8154334789,42210.9064091771,44503.6732364594,45304.4157121075,46138.4545736846,47045.6463479824,48975.0045123538,50433.926144379,52692.8528624402,53807.8671589301
Eswatini,3518.53023821033,3601.50613049921,3707.13174968647,3821.54102476577,3909.15342046148,4096.95665495004,4246.73153516206,4371.16533494662,4459.13980967285,4590.5299215026,4721.95505506505,4837.10085441303,5101.40404444983,5378.00997154179,5703.51081946625,6208.00189329119,6743.04845646365,7185.80239757765,7334.46521461777,7452.65040055932,7771.3599254478,8057.54054066956,8286.43516299724,8722.08971349021,8803.44390981394,8844.82421130426,8762.63560188398,8493.90167547506,8815.71575242529
Sint Maarten (Dutch part),,,,,,,,,,,,,,,,,,,,32614.5202551111,34232.355107087,37233.9683840429,32887.2434663691,32483.0713158752,33012.2476690497,32520.3493140973,32432.2804398107,32256.3333093626,
Seychelles,8966.23197743774,9399.29181336189,10254.7909559024,10918.3655421947,10771.4439309947,10747.3330719946,11315.0622795376,12736.6357421299,13691.9391018029,13874.4235036726,14271.4199817359,14240.7537798484,14200.585191003,13767.6770632353,13786.2865425222,15424.3273989838,17027.8441748609,19209.1583290285,18738.6110375007,18599.6254745703,19387.862527356,21922.7395312636,21609.6773551124,22394.843214,23891.5455946073,24072.8460334507,25707.3258012938,26861.7003238635,28243.3276035559
Syrian Arab Republic,,,,,,,,,,,,,,,,,,,,,,,,,,,,,
Turks and Caicos Islands,,,,,,,,,,,,,,,,,,,,,,21231.9255276943,19074.9736792747,19764.442710931,21582.4998248046,22855.2409294216,24256.4159523207,25477.4161568839,27075.329797649
Chad,698.379576624885,758.951860028337,812.02538150137,678.559181111222,738.861448655039,738.724906455869,743.371435880231,772.053400383315,806.371359576132,783.830147124813,765.583256902525,841.131701192232,891.922030325031,1002.79503678398,1325.09528367965,1545.73895291761,1547.58476309082,1586.3962040957,1612.14564285796,1637.8036327655,1819.69476743307,1797.74936020364,1733.94876668977,1570.75341931734,1677.35244871116,1820.09530996928,1664.83486717165,1587.03105963951,1618.93294012893
Togo,833.476170346071,835.988822192261,803.75249406364,684.171000317955,785.621074454685,843.395932920823,908.394553488034,1024.6019172926,980.291430859467,987.572609252723,972.455515849043,974.623594677329,1001.32917577661,1061.18403165549,1052.02568560148,1007.66115310553,1037.70033244389,1025.04327348851,1058.28382000192,1095.26372308204,1144.33151531116,1210.14211353993,1230.10024846516,1277.45955808642,1329.08889185062,1397.70664339301,1454.46519569375,1516.5260461051,1590.36696678464
Thailand,4311.65963873124,4781.94161356927,5233.36607718115,5747.03243393048,6281.27926627446,6864.71210555881,7304.1084334134,7140.39514219786,6589.56762868031,6910.29652827502,7302.88510823676,7648.8474541518,8179.37916528454,8863.72705056226,9608.52628012974,10256.332819794,11024.8578456087,11869.6769022978,12244.8175683061,12191.398718236,13195.3804651683,13519.1140727014,14871.081041747,15407.9633307443,15478.2999917297,15822.0321233973,16576.7166911895,17381.6543071264,18481.8812983726
Tajikistan,2641.26752782934,2481.84760304557,1768.90448715338,1489.26029555891,1178.97934566495,1038.58316723232,867.950544599295,884.596323209103,928.171015604689,961.683545154252,1048.4611106906,1155.12727631493,1278.64331382351,1419.39319531555,1579.58580016283,1704.53565596934,1843.70796291249,1999.6872461058,2154.91617545641,2208.44745322524,2328.44456314427,2496.58123080876,2500.64455084722,2702.66797021031,3303.09571854519,3005.85424117622,3322.49324171659,3089.53020835658,3313.51779873858
Turkmenistan,5436.64605034412,5212.77882613227,4405.0084500119,4450.4071750646,3663.79700945788,3394.78860121669,3620.16237455213,3212.00103406507,3432.76901043352,4009.08483317967,4275.00944186324,4510.65969630703,4548.03115392972,4736.92344084084,5055.93929578356,5829.43553665298,6588.03668225059,7420.56096419743,8561.57236519883,9021.14207748964,9810.60819683024,11294.9484349556,12057.1959713637,12739.1819495717,13490.9871640811,13690.604274337,13866.3247180798,14205.0215776646,15206.9543184033
Timor-Leste,,,,,,,,,,,1268.20118535435,1479.69766938483,1369.7376046006,1329.54931193658,1335.84700931181,1385.90018340246,1340.47397925388,1488.04490902475,1658.53731414329,1805.85703119891,1964.51535236192,2084.59178697585,2320.07376246374,2483.17042918651,2721.05630976727,2916.8233721226,3140.87394571889,3165.79942372693,3154.91955389043
Tonga,2321.4357998587,2549.14984165847,2609.62049744598,2766.72751740736,2960.11860001333,3126.62715307851,3174.37873225121,3213.31995299207,3323.62706091584,3486.3214631753,3665.90252618602,3860.98950208077,4034.23690304273,4171.91306830003,4242.37948399723,4413.48485844246,4474.59378993771,4365.82485944571,4553.27672451146,4669.99798764527,4889.29852795444,5151.45482498474,5339.53213636719,5313.80567144102,5567.03541123729,5849.717335049,6092.25836593716,6321.60693304713,6419.56177829787
Trinidad and Tobago,7059.86476323617,7476.87046691355,8367.49486043683,8460.99620003934,8907.6459392337,9405.68549494026,10233.9131966197,11173.1178372926,12198.9734713751,13344.5115378898,14547.3043059124,15431.5517014536,16845.8386657634,19539.4809206133,21550.5373627835,23485.4399171147,27264.5832608984,29196.0011583502,30633.131915491,29366.1563187113,30528.8241801524,30888.0290306425,30071.2363192889,30064.2332292688,29697.5416117689,27510.7038531291,26269.6894319817,26447.59327228,26912.9034741267
Tunisia,3613.82328053632,3796.53097671966,4095.75689209043,4195.92279645271,4336.93447729365,4453.79038530899,4785.01079799286,5062.55705298911,5299.72302475549,5640.23019016828,5978.96629709333,6286.66146778333,6419.86053369565,6795.61673390064,7356.77944098835,7784.79471571002,8362.83608824975,9071.62283628075,9538.44182905787,9798.98289795363,10155.4811725532,10067.9062215293,10231.0578003967,10240.0114580325,10448.4322025814,10208.335013253,10358.9828340394,10608.1756408414,11009.5085572357
Turkey,8518.55216173197,8738.07301957817,9320.02509812563,10143.2183803033,9640.00275910204,10383.2214255498,11116.0784944896,11962.743313282,9095.92024316022,8757.19337214723,9586.02744728541,9215.22083200709,9329.81317589044,9604.02371045353,10860.1135255485,11887.8639520719,13619.1705100731,14848.2449498131,16053.8037949306,15501.5952617855,17438.8971971261,19651.6784765047,20616.8698748977,22269.0376631374,23967.1180282777,25625.5746338526,26329.3601696367,27934.1672835921,28139.1437269736
Tuvalu,1542.80705005723,1631.85763963144,1699.4017006846,1795.02391544429,2009.21220483577,1939.04314563041,1851.85852338566,2072.23172637715,2418.05744376731,2410.99310899584,2428.49355434025,2498.37945683152,2706.08382564852,2628.84110275555,2624.52340066102,2569.87365947708,2672.20825389621,2889.41313361251,3152.0916277466,3003.29832420928,2925.61609702392,3180.1041840945,3086.00924735168,3248.19485138181,3319.10485988149,3619.4103380625,3727.71133852816,3903.6550046508,4049.56437964294
Tanzania,1002.92857535055,1023.76005250278,1017.9387283107,1019.66982923608,1024.57429002236,1052.17401825728,1090.93790551749,1121.38449580649,1149.19547937142,1194.21502901736,1245.06947416683,1314.90984712378,1392.13144490285,1470.92968417943,1578.69347274293,1700.95007743517,1815.14439072099,1934.75274311475,2026.25285563209,2088.5199464944,2182.37474741485,2329.33043657044,2408.24979234702,2539.66239923747,2680.38559388075,2791.02342443955,2926.3280430775,3090.4943711359,3240.26293721191
Uganda,488.48823264818,515.267351309416,527.168046108739,565.86391386303,595.77040367231,657.763857958114,709.049285009148,736.267451389077,758.812651196429,807.788563481639,826.662933137962,861.669228196444,922.303772639797,968.932063666598,1029.43777703743,1093.52761031218,1209.37996744702,1304.5660474919,1400.84854795132,1460.5301690783,1511.89317998238,1635.53864902477,1710.17176532835,1716.43400705853,1749.15446510975,1778.91282706277,1729.57289440675,1753.64936591256,1837.22784098612
Ukraine,6790.33054667103,6416.12720211304,5908.8417263347,5185.44649969538,4101.8429786828,3706.1096879282,3426.84886301445,3412.31226138859,3415.54502762412,3490.68835005181,3817.51054715404,4303.35666986237,4646.84074383623,5225.77242797803,6062.08765567869,6485.63306094888,7227.72983456103,8033.26567935862,8423.70014573034,7267.4158708235,7664.39658205142,8281.86712612352,8481.779747244,8647.99038140236,8710.7493826745,7972.43561149119,8289.70728761556,8693.69364881676,9249.46213479507
Uruguay,6390.02882855224,6791.72270053804,7443.26751855748,7764.80740848733,8445.86189647136,8437.1685467035,9006.36950613554,9875.50084262605,10371.6856645872,10264.5058878579,10255.094706813,10059.781674728,9427.16986625073,9686.47470128369,10451.9249204071,11580.3717318484,12406.3733398412,13547.1475330471,14764.1876510757,15464.2622056973,16817.069037966,18002.8510746563,18196.820537891,19132.295483326,20092.8958803897,20216.942816423,20668.4376523663,21324.8460031305,22116.7755224236
United States,23888.6000088133,24342.2589048189,25418.9907763319,26387.2937338171,27694.853416234,28690.8757013347,29967.7127181749,31459.139002483,32853.6769849268,34513.5615037271,36334.9087770589,37133.2428088526,38023.1611144021,39496.4858751381,41712.8010675545,44114.7477776705,46298.7314440927,47975.9676758856,48382.5584490552,47099.9804711343,48467.5157769259,49886.8181094923,51610.6052783379,53117.6678308301,55047.7255604544,56822.5188202456,57927.5168515062,59957.7258513035,62886.8364845596
Uzbekistan,2493.49188250866,2511.01920547946,2227.75547957771,2178.0235569968,2067.86157197664,2054.75577299262,2087.63520835819,2192.34027971648,2275.42808290076,2381.72518734532,2493.60406486677,2621.01433610451,2734.59316477541,2869.68295609121,3130.1348792965,3412.03209386209,3731.41565738782,4135.33801263918,4523.22641144993,4842.24889268359,5124.12635100019,5489.07896412636,5712.82430269297,5942.39675867104,6158.50245912758,6343.1497417051,6452.92793779539,6518.8046866066,6898.90338230155
St. Vincent and the Grenadines,3741.73530212795,3901.60584346096,4238.15708892756,4519.52961251487,4557.59891899452,5015.43008172219,5175.82765603884,5453.75476915562,5745.68427332967,5989.03925133727,6221.78714537272,6460.22386365779,6964.28787621612,7622.95701581115,8139.56877734463,8593.85455516747,9535.60940778902,10126.9840698307,10499.6419563491,10367.7507469842,10139.8208385087,10302.416966129,10459.9728852338,10911.1035443341,11309.8141894392,11641.984558259,12456.7304332512,12245.0148431486,12770.0918756257
"Venezuela, RB",9600.95896186266,10640.1128922947,11283.0935373206,11329.159120825,11058.4165040554,11492.1318542421,11442.2407725767,12136.0028795047,12070.4122465512,11294.7559458527,11748.9909335699,12185.5426138781,11078.0766036265,10224.9065131172,12207.7178977977,13657.8145080004,15219.7133499667,16748.7137430831,17723.147268025,17042.6832792757,16740.3694189611,17527.4477948588,,,,,,,
British Virgin Islands,,,,,,,,,,,,,,,,,,,,,,,,,,,,,
Virgin Islands (U.S.),,,,,,,,,,,,,,,,,,,,,,,,,,,,,
Vietnam,917.674243978159,984.294288889691,1071.44678241341,1162.14754582931,1268.18366251241,1394.46147773833,1528.98079522321,1658.92531322641,1751.98500578805,1840.44083881948,1987.30271019149,2134.43836112235,2282.85829940973,2462.50139552396,2694.45805963486,2960.64105356414,3232.8131604653,3522.93820578418,3758.55540095733,3952.73415009898,4213.29591308399,4523.24371892011,5042.49468926829,5359.00905953258,5744.4710003689,6102.57054195395,6573.68691072269,7155.74582921877,7771.18552870952
Vanuatu,1654.98646226299,1716.15787174714,1749.07521787131,1752.30454179986,1899.6610943121,1912.17713624359,1951.17523200358,2044.25777608219,2119.04660938648,2117.83391618844,2247.43859006579,2166.86108438201,2037.99833960556,2110.13908227644,2196.24810191769,2326.01072731497,2537.56715472156,2676.83269845949,2837.23736849473,2882.4712241685,2888.73833565155,2905.90472228551,2930.91461794882,2956.51626339048,2997.94308877206,2954.96682929557,3011.85358892352,3123.56500362648,3221.1498234158
World,5560.70726537001,5747.335785787,5916.89948141407,6080.40807185936,6312.72004413874,6569.17378999412,6856.88375624912,7148.92178446096,7286.86153169549,7543.72516975313,7995.16652379246,8268.88435570166,8558.94026457583,8925.29769392991,9527.91119980891,10140.6359123258,10966.1587781855,11727.7430111299,12267.3864632817,12236.9232506916,12879.1697015668,13564.4829840337,14111.1158422772,14625.7532438006,14993.3397328515,15132.4913420398,15529.2804857173,16175.9752795432,16944.102154922
Samoa,2368.93912639945,2375.30201215224,2402.70057152422,2535.51338455958,2500.26112440056,2701.26715647726,2929.06580223851,2983.00847793362,3069.04169117335,3167.28275194571,3445.35353659411,3745.13199584662,3946.79258684271,4176.1184923407,4459.10677429273,4758.82387730761,4967.60499858649,5388.71276287588,5512.11563320487,5250.03791292212,5296.68460097331,5673.41593079322,5755.76666691419,5694.45581232259,5837.19879395531,5945.26504649438,6407.34102945579,6677.685511182,
Kosovo,,,,,,,,,,,3688.08805353115,4782.37963536478,4820.69744982472,5200.32941351688,5476.11340743729,5983.30439978262,6390.42047774724,6983.87919954948,7249.40935980755,7506.89862042452,7782.87510680613,8222.2857122545,8486.35853993009,8776.52635020588,8998.35477938742,9503.47048065589,9848.03946958229,10302.0754756314,10868.7695955291
"Yemen, Rep.",2068.63766439277,2163.77226028945,2274.18819674412,2300.49334045154,2391.184601934,2473.22620149045,2540.5344077653,2633.32974752832,2741.47473575872,2805.74999427322,2960.43391992802,3051.1810871926,3129.66067407644,3212.94276860638,3333.06413011174,3526.67856671749,3643.45801412395,3758.16777162246,3860.43629475247,3928.23325071889,4162.09205868933,3607.09033623952,3466.57885399897,3657.75649512633,,,,,
South Africa,6420.88386237087,6410.44545222896,6258.18951375269,6328.21145018518,6517.19397751166,6715.79876918984,6996.8586872919,7175.7629021007,7176.81268402496,7344.81324332713,7714.90838365184,7989.75996513665,8310.75938402562,8608.73617068579,9131.26858093596,9790.6372429718,10518.4186294782,11233.9297241471,11661.2783595293,11409.5720654801,11721.5550562889,12172.3147379847,12077.4619509227,12460.392021081,12521.573159048,12549.6753700317,12587.971729771,12703.4212420788,12938.4262549078
Zambia,1475.75444122259,1486.30781802496,1457.68495776151,1555.8860694027,1417.13109324796,1451.64119276967,1529.2720433294,1571.58260153493,1539.9990661865,1590.69195032717,1644.96023187895,1724.67847218146,1784.25990970986,1894.39647682535,2029.22525100283,2185.99783977047,2366.81886926775,2564.00759374057,2741.31353256245,2933.20395928325,3178.95113090727,3324.02165869636,3429.46172418365,3583.80119492388,3539.51575019776,3430.98289612642,3405.72724717125,3485.00210305873,3598.99572839487
Zimbabwe,1773.73929408483,1890.12426115359,1723.48985705167,1751.97383436715,1925.30981121943,1943.08353971913,2158.97324431487,2233.39517472653,2305.13536668726,2304.45305949989,2272.60032220526,2347.4978898316,2167.01975837378,1827.86608105387,1762.52050223797,1705.56969684392,1685.36308278717,1653.74724482398,1374.17000309615,1532.82109623938,1830.82805386647,2101.82519230258,2381.24301247656,2564.8733192899,2613.80006877373,2680.63476760611,2807.77346337332,3134.3274944993,3360.68198737711
